name,hash,path,orin_match,gnoise-2.0,gnoise-2.1,gnoise-2.2,gnoise-2.3,gnoise-2.4,gnoise-2.5,gnoise-2.6,gnoise-2.7,gnoise-2.8,gnoise-2.9,gnoise-3.0
Christina Ricci,466494b76a7535a0706aa84c5f391993,Test/Christina Ricci/63.jpg,99.80,91.09,80.04,0.0,94.61,0.0,0.0,80.74,0.0,0.0,0.0,0.0
Christina Ricci,74965b3ca5418852c50a2a445a9754a2,Test/Christina Ricci/77.jpg,99.59,95.83,0.0,98.04,95.84,80.36,95.81,96.69,98.87,76.84,91.95,95.72
Christina Ricci,e3063cbb222eab24bc53758af8fbb94b,Test/Christina Ricci/76.jpg,99.56,78.69,98.75,81.67,93.45,94.90,91.51,92.89,87.16,76.80,0.0,0.0
Christina Ricci,24e558c34146f29134f6b253e955e8d7,Test/Christina Ricci/62.jpg,99.66,93.05,81.97,87.77,0.0,0.0,96.73,0.0,76.51,87.27,0.0,93.44
Christina Ricci,6ed5913de70e530fc6c889a494297725,Test/Christina Ricci/60.jpg,99.93,95.57,86.34,83.98,92.10,85.28,90.99,0.0,0.0,0.0,0.0,0.0
Christina Ricci,c9adc0661ff9ad25bdee8edb1ce8cc59,Test/Christina Ricci/48.jpg,98.33,89.37,0.0,97.37,84.15,75.47,93.54,0.0,95.83,75.22,79.62,77.91
Christina Ricci,6c2d4c2f78810efda639f7871243873c,Test/Christina Ricci/49.jpg,98.52,93.37,0.0,95.42,93.10,84.33,81.15,91.82,0.0,90.99,0.0,0.0
Christina Ricci,3c00efb072195bd1431b83a144e99602,Test/Christina Ricci/61.jpg,98.73,87.20,0.0,90.42,0.0,80.63,0.0,0.0,0.0,81.93,87.15,81.00
Christina Ricci,3155bc34f1957b1529139ec5af272041,Test/Christina Ricci/75.jpg,99.50,96.31,90.23,91.83,93.94,93.56,93.53,97.25,94.53,0.0,87.23,89.61
Christina Ricci,8720aeb2e81c0d4019afafb9ed086d6e,Test/Christina Ricci/59.jpg,99.50,79.76,0.0,0.0,0.0,0.0,0.0,0.0,0.0,0.0,0.0,0.0
Christina Ricci,c76177ab2ac9af2662df6c38afabca8d,Test/Christina Ricci/71.jpg,99.92,98.85,95.24,97.84,99.26,98.07,90.90,93.88,97.50,97.97,98.39,95.83
Christina Ricci,fa71f7618e5e4f9a67cceb14d58d19ae,Test/Christina Ricci/65.jpg,97.19,0.0,0.0,0.0,0.0,77.95,0.0,87.83,80.74,0.0,0.0,0.0
Christina Ricci,6899a3e4394a1c73c874afd1b32efad3,Test/Christina Ricci/70.jpg,99.75,0.0,0.0,0.0,0.0,81.54,0.0,78.14,0.0,0.0,0.0,0.0
Christina Ricci,c60cc71a5bb08733ec7a93381c93010e,Test/Christina Ricci/58.jpg,98.81,0.0,0.0,0.0,0.0,0.0,0.0,0.0,0.0,0.0,0.0,0.0
Christina Ricci,d124bc698b231c2f1157d5e7e374efb2,Test/Christina Ricci/8.jpg,96.38,0.0,0.0,82.60,0.0,0.0,82.57,0.0,0.0,0.0,0.0,0.0
Christina Ricci,a52789721b40ce3d0a10dc17a3e95d5e,Test/Christina Ricci/66.jpg,99.46,0.0,87.81,0.0,0.0,0.0,80.69,0.0,80.27,0.0,0.0,0.0
Christina Ricci,b68c8a969737d79f84ce8c9a7b288a57,Test/Christina Ricci/72.jpg,99.54,81.49,90.53,91.23,98.25,98.38,93.83,95.76,79.27,94.07,84.89,81.19
Christina Ricci,c41a948c6a15f2bc53f88c3d4d18ad44,Test/Christina Ricci/73.jpg,99.27,92.76,87.10,76.89,82.51,0.0,78.28,77.79,86.76,0.0,91.14,0.0
Christina Ricci,1b79519ded6969c1124633028e18fbe4,Test/Christina Ricci/67.jpg,99.25,92.30,94.60,94.14,94.02,94.36,97.95,96.01,87.04,90.67,94.06,89.25
Christina Ricci,511091109dd2b6e1282dc21a04f8ebef,Test/Christina Ricci/9.jpg,99.61,98.07,95.18,85.73,84.84,96.05,0.0,76.58,0.0,85.85,93.86,92.11
Christina Ricci,4bb0514f60efdadd4ce578f0c005dab7,Test/Christina Ricci/14.jpg,93.89,75.62,76.50,83.53,90.63,83.58,0.0,0.0,75.37,82.32,90.19,82.11
Christina Ricci,779c70121759ca3ca9ac7ea34f458e58,Test/Christina Ricci/15.jpg,99.77,96.81,96.40,97.32,94.70,96.83,99.33,96.58,92.59,98.11,95.34,94.01
Christina Ricci,81dc6633ea2f8218a62efc54797b9b37,Test/Christina Ricci/17.jpg,99.72,0.0,90.68,91.46,91.30,0.0,89.30,0.0,89.02,0.0,87.89,0.0
Christina Ricci,e0fc9da9c3ce9f4cb8331257ba4d43d8,Test/Christina Ricci/16.jpg,99.74,83.85,86.37,0.0,80.76,83.81,0.0,0.0,0.0,0.0,78.35,0.0
Christina Ricci,67ac1fa4d7afa92546041371f26cc7f8,Test/Christina Ricci/12.jpg,99.17,88.26,76.53,90.91,85.13,85.91,88.40,0.0,86.77,92.67,83.90,80.55
Christina Ricci,a0eaa25150042bc149991b1f7d052280,Test/Christina Ricci/13.jpg,98.67,97.37,95.91,83.94,98.01,96.16,87.00,97.90,97.47,88.10,0.0,97.14
Christina Ricci,ce8a1f8983b1e9843e576e77200a3a74,Test/Christina Ricci/39.jpg,99.30,0.0,0.0,0.0,0.0,78.51,0.0,0.0,93.38,0.0,79.87,0.0
Christina Ricci,92a3f1b54841608e2a4f637cba590e97,Test/Christina Ricci/11.jpg,99.41,79.19,0.0,78.34,80.75,0.0,0.0,88.62,86.97,0.0,0.0,93.84
Christina Ricci,e3516102c15ce33fde7165b3f00e8af1,Test/Christina Ricci/10.jpg,94.79,84.47,76.97,0.0,75.92,0.0,77.40,0.0,88.98,90.64,0.0,0.0
Christina Ricci,490315cbd087f66eeb9f122e875ec100,Test/Christina Ricci/38.jpg,99.88,0.0,0.0,0.0,0.0,0.0,0.0,80.58,0.0,75.94,0.0,82.08
Christina Ricci,116431d9877ab6454b90fdc2b28373b1,Test/Christina Ricci/21.jpg,99.87,99.16,97.70,97.12,97.52,97.21,98.19,95.79,93.25,94.47,98.27,94.65
Christina Ricci,6e09887ce839c61fc6ec5c88fbeee6df,Test/Christina Ricci/35.jpg,99.65,97.19,97.90,97.67,96.99,98.93,98.97,95.68,90.84,99.24,98.64,99.26
Christina Ricci,fb903deea510719d63c06e0308c76e2a,Test/Christina Ricci/34.jpg,99.26,96.08,97.09,88.63,76.29,88.89,0.0,97.38,85.97,87.51,83.64,89.09
Christina Ricci,38d4235c731e77542a118857acb0c8bf,Test/Christina Ricci/20.jpg,99.67,0.0,87.79,77.19,75.38,76.48,89.88,80.90,94.12,85.53,84.74,0.0
Christina Ricci,940041b7013bab7b62b432ff389e0366,Test/Christina Ricci/36.jpg,99.59,0.0,78.89,0.0,77.93,79.59,0.0,0.0,0.0,0.0,0.0,0.0
Christina Ricci,241d9650c8372864ec122432272a265c,Test/Christina Ricci/22.jpg,99.47,94.54,93.22,84.67,91.74,96.65,93.73,83.53,87.91,95.39,86.95,78.99
Christina Ricci,42b355112c8a327de1b8aa1acc566312,Test/Christina Ricci/37.jpg,97.99,0.0,0.0,0.0,0.0,77.05,81.86,0.0,0.0,0.0,92.64,0.0
Christina Ricci,e2b4177ac13877b5e006be7fdbc5e97f,Test/Christina Ricci/33.jpg,99.84,98.25,98.91,97.46,96.46,98.68,97.99,98.97,98.49,97.00,97.91,91.25
Christina Ricci,aa7d5dde5837a43d3dd46f6cf6be304e,Test/Christina Ricci/18.jpg,99.90,98.46,99.61,99.15,96.13,99.50,99.43,99.47,99.35,99.50,98.87,98.00
Christina Ricci,99ab524a738c34672fe10bf05886a7cb,Test/Christina Ricci/31.jpg,99.83,87.49,93.79,99.17,96.28,88.09,92.38,0.0,87.34,98.25,89.40,98.08
Christina Ricci,76a882f56dd6a5f9f03555403efb23c7,Test/Christina Ricci/19.jpg,99.75,98.08,89.27,90.74,93.13,89.01,0.0,0.0,87.61,77.96,0.0,82.41
Christina Ricci,9440797e141cda84b16df43df853cfc8,Test/Christina Ricci/42.jpg,98.24,82.22,87.92,81.70,0.0,84.11,0.0,85.93,75.71,0.0,87.19,89.33
Christina Ricci,186cad3596524b5a882dc375fcc49a93,Test/Christina Ricci/4.jpg,88.57,0.0,76.50,0.0,0.0,0.0,0.0,0.0,0.0,0.0,0.0,83.49
Christina Ricci,1619478af8b9eb96ffa26c2fd8cc9dd9,Test/Christina Ricci/56.jpg,99.47,79.82,77.55,0.0,0.0,79.03,91.46,96.39,92.15,91.36,88.89,79.36
Christina Ricci,4a9704acf7485a6673c88914388d4aa1,Test/Christina Ricci/81.jpg,97.94,89.62,89.82,93.84,94.92,94.56,86.04,91.37,79.87,96.46,0.0,88.08
Christina Ricci,c7a4f0ef34b5c26a07cd37e6bf94ce6b,Test/Christina Ricci/80.jpg,94.62,0.0,0.0,0.0,0.0,0.0,0.0,0.0,85.76,0.0,0.0,0.0
Christina Ricci,11d61a03cf9fc0cf1bfd115990381abf,Test/Christina Ricci/5.jpg,98.61,0.0,0.0,0.0,79.72,77.03,81.94,84.45,80.40,0.0,87.72,0.0
Christina Ricci,c1770849b1f9d832571fc342b2b23199,Test/Christina Ricci/57.jpg,99.62,81.12,86.44,84.76,93.72,0.0,87.43,0.0,80.99,0.0,96.98,91.64
Christina Ricci,cd39e625ce68f3da2d698d83d518534c,Test/Christina Ricci/43.jpg,99.38,91.50,89.17,92.91,89.50,0.0,0.0,80.35,76.34,0.0,0.0,85.03
Christina Ricci,f0ac037fe6f9af2d5d7d95fa2f381bc7,Test/Christina Ricci/7.jpg,99.12,89.89,91.20,89.86,94.82,92.03,0.0,87.09,94.16,0.0,93.96,89.51
Christina Ricci,763375ebc4397414f6e25446bc26401c,Test/Christina Ricci/41.jpg,96.87,95.08,79.43,82.48,98.37,88.42,90.89,98.35,98.69,82.16,98.04,97.60
Christina Ricci,91fbc09ed2dd27c44ade1613e46faa0f,Test/Christina Ricci/69.jpg,99.23,0.0,77.02,82.42,0.0,0.0,90.39,0.0,0.0,0.0,0.0,0.0
Christina Ricci,1bc910b57cc2909ce85cc7fdfb110bcf,Test/Christina Ricci/82.jpg,99.80,88.17,89.30,92.12,97.31,98.70,98.12,95.64,98.05,85.54,93.39,90.07
Christina Ricci,125dcd7ca5f4aa4870b9c85e3685a451,Test/Christina Ricci/83.jpg,99.64,90.56,92.65,85.38,98.84,94.79,79.42,95.05,88.60,94.42,95.32,76.41
Christina Ricci,457c12e964eaca3e14d0ba2a15535c36,Test/Christina Ricci/68.jpg,99.45,76.64,89.26,79.26,75.39,0.0,77.01,0.0,95.76,0.0,0.0,0.0
Christina Ricci,e686c25dd8ec78340b9e4865dc21da57,Test/Christina Ricci/40.jpg,90.84,77.88,0.0,0.0,0.0,0.0,0.0,0.0,75.56,0.0,0.0,0.0
Christina Ricci,ca9412657870f79cba96765007c37869,Test/Christina Ricci/54.jpg,99.81,94.66,96.55,98.56,94.88,91.66,99.38,98.61,98.41,92.12,93.23,96.27
Christina Ricci,f2e41f42be5bca7fa97ca185a73e1d78,Test/Christina Ricci/6.jpg,99.61,86.48,89.05,0.0,85.82,77.64,78.21,93.63,90.42,76.37,89.41,0.0
Christina Ricci,fe01c5548e566703f479e54ef57f530e,Test/Christina Ricci/78.jpg,99.65,96.23,93.89,95.78,88.75,92.98,81.68,0.0,97.43,83.89,92.65,91.23
Christina Ricci,6fabd44756f47b064c7ffbdd26b2f76d,Test/Christina Ricci/2.jpg,98.86,97.30,97.07,86.03,96.44,98.79,97.91,94.18,91.29,97.12,94.50,92.83
Christina Ricci,da7132c3cb0762f1b6dfc2ff9d4d5076,Test/Christina Ricci/50.jpg,98.32,94.90,81.42,0.0,97.10,95.88,91.09,96.61,94.20,78.75,0.0,83.03
Christina Ricci,8e968e97e4c551cebf225f18b23546e8,Test/Christina Ricci/44.jpg,99.66,96.71,98.91,96.59,98.88,98.43,99.62,99.40,97.05,99.67,98.49,96.68
Christina Ricci,498a3b848f0004f9d82a0f033a4832d8,Test/Christina Ricci/87.jpg,99.79,99.74,99.39,99.68,97.64,98.27,99.48,98.69,99.15,99.30,97.58,98.73
Christina Ricci,47639cbb3bba5b1b91a1d2d309d3a927,Test/Christina Ricci/86.jpg,99.79,95.86,87.82,91.73,96.25,83.20,89.83,83.12,83.52,85.07,0.0,95.17
Christina Ricci,42478680b4416d2f5f04d8883ddeb6f3,Test/Christina Ricci/45.jpg,99.96,99.11,99.68,99.37,99.28,99.27,99.55,99.46,99.28,99.25,99.29,99.16
Christina Ricci,a4c5d9c62ea4c975c20f6fb6b03a024e,Test/Christina Ricci/3.jpg,99.92,99.52,99.65,99.80,95.95,99.07,98.46,99.20,99.13,96.39,99.32,99.66
Christina Ricci,ebc7585b9f718edced989a7b42d6c1be,Test/Christina Ricci/51.jpg,99.61,88.81,79.04,85.37,80.87,79.66,0.0,90.18,77.59,0.0,83.31,0.0
Christina Ricci,1e5d51e4594b89898275040a4ff13301,Test/Christina Ricci/79.jpg,94.86,0.0,0.0,75.21,0.0,0.0,0.0,0.0,0.0,0.0,0.0,0.0
Christina Ricci,7710dada10bb99cb1f5399d8750d56e4,Test/Christina Ricci/47.jpg,99.86,98.04,97.75,94.05,98.33,93.06,98.57,99.44,96.32,93.63,89.25,95.92
Christina Ricci,941bdb00146098bbff498d61ba76ef7e,Test/Christina Ricci/53.jpg,99.54,82.73,95.89,0.0,84.83,75.76,83.57,86.55,78.94,81.75,95.16,80.92
Christina Ricci,1bce5d37b88bd55f7674f5f32e6988ed,Test/Christina Ricci/1.jpg,99.63,98.65,99.90,98.56,99.01,97.15,99.76,0.0,97.94,96.82,99.49,0.0
Christina Ricci,ce0415a22030e3b846db2b4f25aca861,Test/Christina Ricci/84.jpg,99.71,97.66,98.00,98.20,96.63,97.87,92.83,96.10,96.92,93.35,94.73,96.24
Christina Ricci,113dfd1740012bf4b80276d5a02e7b90,Test/Christina Ricci/85.jpg,99.83,96.02,0.0,0.0,0.0,88.37,78.12,92.93,76.10,0.0,94.97,82.96
Christina Ricci,473dc95d313951c4e257885d4c9d0dca,Test/Christina Ricci/52.jpg,97.93,97.18,98.96,97.43,95.97,97.76,93.80,93.77,93.35,97.48,97.68,93.31
Christina Ricci,d39ceba10087e975be7bbce4b8b8b092,Test/Christina Ricci/0.jpg,99.87,0.0,0.0,0.0,0.0,0.0,0.0,0.0,0.0,93.94,0.0,0.0
Christina Ricci,a3bac430636d362e1162ffc3abf2a384,Test/Christina Ricci/46.jpg,99.77,94.47,89.79,95.34,98.34,98.21,91.91,95.83,96.81,93.52,97.82,98.86
Abhishek Bachan,53bfa500a05f03476dc23583c7c397b6,Test/Abhishek Bachan/9.jpg,98.77,0.0,0.0,76.98,86.93,80.92,0.0,0.0,83.90,81.51,0.0,0.0
Abhishek Bachan,ae86acb0eae853c85f9d5b31cccea426,Test/Abhishek Bachan/14.jpg,99.69,0.0,0.0,0.0,0.0,0.0,0.0,0.0,0.0,0.0,0.0,0.0
Abhishek Bachan,a8441425787180575fd5ab3eeae17624,Test/Abhishek Bachan/15.jpg,99.36,92.73,94.90,94.51,76.79,91.75,96.20,97.90,79.84,84.10,89.02,0.0
Abhishek Bachan,f55f721711209bf142c3dc8b9859cc5b,Test/Abhishek Bachan/17.jpg,99.54,0.0,0.0,0.0,0.0,0.0,0.0,0.0,0.0,0.0,0.0,0.0
Abhishek Bachan,0e7321722bcb0e1b356681ba66b73fd4,Test/Abhishek Bachan/16.jpg,99.53,0.0,87.44,0.0,0.0,0.0,0.0,77.83,92.81,0.0,0.0,0.0
Abhishek Bachan,998c3b08bfa0eb7b18e3559cf2f15c57,Test/Abhishek Bachan/12.jpg,99.90,98.21,98.98,99.63,97.73,98.44,99.40,98.36,96.99,99.13,98.83,99.58
Abhishek Bachan,a8564506a2b9e531f93bc5c187e648ed,Test/Abhishek Bachan/11.jpg,97.43,94.39,95.07,98.60,98.78,97.80,98.91,97.02,96.86,94.35,83.75,97.75
Abhishek Bachan,75ebbc5d10f8a91a8ba8f21fa3199b02,Test/Abhishek Bachan/10.jpg,99.79,98.27,96.62,96.44,95.16,98.12,87.68,92.90,95.96,93.57,84.26,96.26
Abhishek Bachan,f086903b27199853d1b463d7c34e3da1,Test/Abhishek Bachan/21.jpg,99.31,95.81,91.99,91.44,82.56,81.69,91.32,98.45,93.47,96.26,95.88,0.0
Abhishek Bachan,8cce6b84392a1d086e69daa11764e3ef,Test/Abhishek Bachan/20.jpg,99.75,0.0,0.0,0.0,0.0,0.0,80.32,0.0,81.05,0.0,0.0,0.0
Abhishek Bachan,a1b8d1b4f0523c67b115cd9a5516088b,Test/Abhishek Bachan/23.jpg,99.18,0.0,0.0,0.0,0.0,0.0,0.0,0.0,0.0,0.0,0.0,0.0
Abhishek Bachan,a7b60dee88d82018a2570929ce263c5b,Test/Abhishek Bachan/18.jpg,99.16,0.0,0.0,0.0,83.83,0.0,0.0,0.0,0.0,0.0,91.09,0.0
Abhishek Bachan,238f410c155ad2b2e1a10592bbf4e01d,Test/Abhishek Bachan/24.jpg,98.79,81.15,0.0,77.73,86.81,89.47,85.88,84.28,81.60,92.14,88.77,91.90
Abhishek Bachan,9ff4d545d9794b6aa0f4cfe6d137f865,Test/Abhishek Bachan/19.jpg,97.86,0.0,0.0,87.08,0.0,0.0,0.0,0.0,0.0,0.0,0.0,0.0
Abhishek Bachan,332d9ee6ac9651534933444aac7ffff1,Test/Abhishek Bachan/5.jpg,99.37,0.0,91.37,82.76,0.0,97.02,0.0,88.97,0.0,90.64,86.06,0.0
Abhishek Bachan,6062f814c06ad362ec45d45b73c5fa05,Test/Abhishek Bachan/2.jpg,99.91,89.06,79.26,81.89,89.11,82.05,0.0,92.65,89.72,94.75,83.87,82.87
Abhishek Bachan,19713d50f5ca942a89747214091e08d2,Test/Abhishek Bachan/3.jpg,99.83,96.50,95.59,97.38,94.20,97.81,96.54,98.37,99.00,97.06,94.65,92.10
Abhishek Bachan,73735a6d223af2bf46d8181fcdf18010,Test/Abhishek Bachan/1.jpg,99.82,96.84,98.91,97.62,98.14,96.61,98.10,95.77,96.67,92.69,95.36,95.53
Abhishek Bachan,50d89a2541c8c29d400cba1786548b5e,Test/Abhishek Bachan/0.jpg,99.13,0.0,0.0,0.0,0.0,0.0,0.0,0.0,0.0,0.0,0.0,0.0
Alyssa Milano,dd0485612b991f988269cec1619632d3,Test/Alyssa Milano/77.jpg,99.79,0.0,83.10,0.0,0.0,0.0,0.0,77.13,0.0,0.0,0.0,0.0
Alyssa Milano,5382c0df2b827f27709250f16f857039,Test/Alyssa Milano/76.jpg,99.87,85.01,89.83,91.96,94.28,94.76,84.15,93.77,81.83,83.88,0.0,0.0
Alyssa Milano,f0093c427c09fb46ab44c460c183ada3,Test/Alyssa Milano/62.jpg,99.82,0.0,0.0,0.0,78.21,0.0,0.0,0.0,0.0,0.0,0.0,0.0
Alyssa Milano,7f866e0c215dd1b9668de74849aa1cc8,Test/Alyssa Milano/74.jpg,99.68,87.54,84.54,91.58,82.31,0.0,0.0,0.0,0.0,78.19,0.0,0.0
Alyssa Milano,519efb6d603287cee95dbc5bf70b9415,Test/Alyssa Milano/60.jpg,93.10,0.0,0.0,0.0,0.0,0.0,0.0,0.0,0.0,0.0,0.0,0.0
Alyssa Milano,55f9f8568cef777251feb0c11ffd238c,Test/Alyssa Milano/48.jpg,96.96,75.16,0.0,84.40,0.0,0.0,81.68,0.0,0.0,0.0,78.98,0.0
Alyssa Milano,3c595cc6b69d561868f5b96124525892,Test/Alyssa Milano/49.jpg,99.83,97.96,91.59,0.0,0.0,91.87,76.68,82.08,0.0,87.77,90.67,80.18
Alyssa Milano,42b55aaf84e7d076c8b06f4b23d1b291,Test/Alyssa Milano/61.jpg,96.69,0.0,0.0,79.42,0.0,0.0,0.0,75.75,0.0,82.34,0.0,85.11
Alyssa Milano,148a889e0412cadd1cad5358e9fee4c0,Test/Alyssa Milano/75.jpg,99.32,88.09,0.0,0.0,0.0,91.00,0.0,0.0,0.0,0.0,0.0,77.07
Alyssa Milano,a19abfba042db02b109f1018eaa18fe2,Test/Alyssa Milano/59.jpg,98.91,0.0,0.0,0.0,0.0,0.0,0.0,0.0,75.92,0.0,93.07,0.0
Alyssa Milano,2c46f7357032e88b0f87ca6a3d6eafc0,Test/Alyssa Milano/64.jpg,97.38,0.0,0.0,0.0,0.0,0.0,0.0,0.0,0.0,0.0,0.0,81.56
Alyssa Milano,4eb80a985b5eee574fcfc6be8f256cbf,Test/Alyssa Milano/70.jpg,95.69,0.0,0.0,0.0,83.61,0.0,0.0,0.0,0.0,0.0,0.0,0.0
Alyssa Milano,1837b2d94b6aca1fc4b1bafcef0521a3,Test/Alyssa Milano/58.jpg,98.25,0.0,0.0,0.0,76.56,0.0,0.0,0.0,0.0,0.0,0.0,0.0
Alyssa Milano,b4a988b499d916fa428d2960d7530c10,Test/Alyssa Milano/8.jpg,96.70,0.0,0.0,0.0,0.0,79.42,0.0,83.64,89.56,0.0,83.38,77.27
Alyssa Milano,03acc0c566deeb79adae79dfcd1301fb,Test/Alyssa Milano/66.jpg,95.33,0.0,0.0,0.0,0.0,0.0,0.0,0.0,0.0,0.0,0.0,0.0
Alyssa Milano,bea3c7789f9a707e41e86b203708597e,Test/Alyssa Milano/72.jpg,96.91,0.0,0.0,0.0,0.0,0.0,0.0,0.0,0.0,0.0,0.0,0.0
Alyssa Milano,9a4032064ed9787aaf4bed59c4aaa79a,Test/Alyssa Milano/73.jpg,99.95,93.35,91.88,78.74,81.70,0.0,0.0,85.10,78.22,89.89,0.0,91.14
Alyssa Milano,36298d0204b67e9669b5af5a33407587,Test/Alyssa Milano/67.jpg,97.56,0.0,0.0,0.0,81.26,0.0,0.0,0.0,0.0,0.0,0.0,0.0
Alyssa Milano,c02dcb7d492e904c8b29ef983a408d34,Test/Alyssa Milano/9.jpg,99.91,97.69,93.81,92.93,76.92,97.18,91.47,83.51,90.40,88.32,0.0,0.0
Alyssa Milano,b7999a9b86176445620a9d9103e8a837,Test/Alyssa Milano/14.jpg,99.18,80.90,91.81,92.33,0.0,80.95,0.0,81.97,0.0,85.62,0.0,88.99
Alyssa Milano,e5cf583958d556f8e368acf24954fe5d,Test/Alyssa Milano/28.jpg,99.47,0.0,0.0,78.49,90.60,0.0,0.0,76.99,0.0,75.42,0.0,0.0
Alyssa Milano,cad8624ef8bed3388c30ab3a9140a0d8,Test/Alyssa Milano/29.jpg,0.0,0.0,0.0,0.0,0.0,0.0,0.0,0.0,0.0,0.0,0.0,0.0
Alyssa Milano,fac13e596f02cf3f935a13fafeb02624,Test/Alyssa Milano/15.jpg,99.82,85.86,0.0,0.0,88.58,83.77,84.96,79.07,0.0,80.66,0.0,0.0
Alyssa Milano,b4274fd0bde411106bc868af8647912b,Test/Alyssa Milano/17.jpg,0.0,0.0,0.0,0.0,0.0,0.0,0.0,0.0,0.0,0.0,0.0,0.0
Alyssa Milano,a7604cbb4dfa9c7fa5e5c3f79236ffca,Test/Alyssa Milano/16.jpg,97.36,0.0,0.0,0.0,0.0,0.0,0.0,0.0,0.0,0.0,0.0,0.0
Alyssa Milano,426dc88141f29dc6c157a2625e549739,Test/Alyssa Milano/12.jpg,98.35,82.03,0.0,0.0,0.0,0.0,79.71,0.0,0.0,86.49,89.54,0.0
Alyssa Milano,7545e59bd69ab16cfdb18c8160b1792c,Test/Alyssa Milano/13.jpg,98.16,83.44,0.0,0.0,0.0,87.11,0.0,87.15,0.0,82.66,85.81,0.0
Alyssa Milano,94e779ba15c3fb6f6e3c7456e8499ca6,Test/Alyssa Milano/39.jpg,99.96,89.44,83.17,78.60,0.0,0.0,76.21,81.53,0.0,0.0,86.74,0.0
Alyssa Milano,2707e50d2836a232a0354ff6d7ebe82a,Test/Alyssa Milano/11.jpg,99.63,0.0,93.03,0.0,0.0,0.0,0.0,0.0,0.0,0.0,0.0,0.0
Alyssa Milano,6f8568190fad09ce6694ccae2e82dd50,Test/Alyssa Milano/10.jpg,77.92,0.0,0.0,0.0,76.38,0.0,0.0,0.0,0.0,0.0,0.0,0.0
Alyssa Milano,5cd07bc5488bde95f2580c6cceffd2b3,Test/Alyssa Milano/21.jpg,0.0,0.0,0.0,0.0,0.0,0.0,0.0,0.0,0.0,0.0,0.0,0.0
Alyssa Milano,a0c1ebab211aec5665df79e8515546cd,Test/Alyssa Milano/35.jpg,99.49,96.60,84.62,0.0,85.93,86.32,0.0,95.68,88.66,77.67,0.0,0.0
Alyssa Milano,51686c42a25254e4119b44f4a7f88221,Test/Alyssa Milano/34.jpg,97.66,78.35,97.53,85.65,91.73,84.08,0.0,78.64,97.52,87.05,80.97,84.47
Alyssa Milano,62f548ceda05a6290d177eab9eaa19aa,Test/Alyssa Milano/20.jpg,98.06,0.0,0.0,0.0,0.0,0.0,0.0,0.0,88.31,0.0,0.0,0.0
Alyssa Milano,bbbb12f52aa2bde268fb2161fd40bf57,Test/Alyssa Milano/36.jpg,99.78,0.0,82.61,0.0,0.0,82.71,0.0,0.0,0.0,80.39,0.0,0.0
Alyssa Milano,e37cf3b4f3901fa6cbb67ace32133f34,Test/Alyssa Milano/22.jpg,82.75,0.0,0.0,0.0,0.0,0.0,0.0,0.0,0.0,0.0,77.79,0.0
Alyssa Milano,7745828994a34a6b51c2da3e748a007b,Test/Alyssa Milano/23.jpg,99.56,96.62,96.34,95.95,97.65,75.94,91.89,89.25,95.92,90.66,96.26,97.29
Alyssa Milano,10f59155121d120039f61719914b1baf,Test/Alyssa Milano/37.jpg,99.73,96.48,81.71,94.06,87.88,97.74,89.87,84.55,95.95,96.07,0.0,84.82
Alyssa Milano,0b1a50f2fa1c0b1774a40cadeb978edb,Test/Alyssa Milano/33.jpg,99.38,0.0,0.0,83.51,75.75,77.94,0.0,0.0,81.78,0.0,0.0,0.0
Alyssa Milano,e34a673bf85d212da903ecd862104be6,Test/Alyssa Milano/27.jpg,95.06,88.35,75.64,0.0,76.11,81.90,0.0,78.87,77.19,0.0,85.81,83.68
Alyssa Milano,07cf3a4d1ab5d7863d207c6e2e25aa8d,Test/Alyssa Milano/26.jpg,99.37,0.0,0.0,0.0,0.0,0.0,0.0,0.0,0.0,77.95,0.0,0.0
Alyssa Milano,9e947c72fac43b5ebc615fc12250a0a4,Test/Alyssa Milano/32.jpg,99.20,85.90,0.0,81.69,0.0,0.0,86.76,0.0,0.0,88.01,0.0,0.0
Alyssa Milano,6743f12e06fbc65394530ed301b9cac8,Test/Alyssa Milano/18.jpg,99.39,93.41,91.21,86.34,0.0,84.07,0.0,92.74,81.82,0.0,0.0,0.0
Alyssa Milano,a1c68fdc8d85ff8703171d08aa7ab7a0,Test/Alyssa Milano/24.jpg,98.54,0.0,0.0,78.37,0.0,0.0,0.0,0.0,0.0,0.0,0.0,0.0
Alyssa Milano,7163210d4e8a0082a27c420d9a078874,Test/Alyssa Milano/30.jpg,99.67,97.46,88.80,89.28,84.74,88.10,0.0,91.29,78.65,94.34,0.0,96.09
Alyssa Milano,e629ad5c53a8b285d85060449600b1de,Test/Alyssa Milano/31.jpg,96.97,77.40,76.82,0.0,0.0,85.19,0.0,89.97,81.68,0.0,84.51,79.65
Alyssa Milano,c6d253d5755f55aa44ac12b5462314c6,Test/Alyssa Milano/25.jpg,98.59,0.0,90.48,0.0,85.26,0.0,88.11,0.0,80.89,77.18,0.0,80.17
Alyssa Milano,e0eaec5bfce8a08dcb30a9723c141452,Test/Alyssa Milano/19.jpg,99.47,81.68,0.0,0.0,0.0,86.54,78.88,0.0,91.03,85.74,91.21,0.0
Alyssa Milano,c4a05dd19cfc060780228a252dd6aa20,Test/Alyssa Milano/42.jpg,99.27,80.60,79.82,0.0,0.0,0.0,76.67,0.0,0.0,0.0,0.0,0.0
Alyssa Milano,f97a5704f4ff83c79d0cb78d23dd652f,Test/Alyssa Milano/4.jpg,98.32,0.0,79.87,0.0,0.0,0.0,0.0,0.0,0.0,87.04,0.0,0.0
Alyssa Milano,a6616ed1111d4e79c921b6ad5e939d41,Test/Alyssa Milano/56.jpg,99.45,0.0,0.0,0.0,0.0,0.0,0.0,0.0,0.0,0.0,0.0,0.0
Alyssa Milano,0ce7d45d04023ffd3ecdada3c8a1b15e,Test/Alyssa Milano/81.jpg,99.61,83.75,86.58,94.00,84.42,94.22,80.01,78.42,75.15,88.40,77.07,85.42
Alyssa Milano,9b558b355d6a5a5387eb85c089088760,Test/Alyssa Milano/80.jpg,99.93,79.89,94.34,99.13,0.0,97.25,90.99,95.36,85.02,0.0,95.83,0.0
Alyssa Milano,72df04243698e961d5a807c510027891,Test/Alyssa Milano/5.jpg,98.15,90.07,79.22,84.07,0.0,0.0,0.0,88.52,81.31,76.17,78.68,83.32
Alyssa Milano,d7b8435d218856360be2a6af01c999c4,Test/Alyssa Milano/57.jpg,94.40,0.0,0.0,0.0,0.0,0.0,0.0,0.0,88.27,0.0,0.0,0.0
Alyssa Milano,332a56dc4713ed3d26881addb52f3f6b,Test/Alyssa Milano/55.jpg,75.95,0.0,0.0,0.0,0.0,0.0,0.0,0.0,0.0,0.0,0.0,0.0
Alyssa Milano,db6ff9847d9efa3dcc33c70eeff14140,Test/Alyssa Milano/7.jpg,99.32,0.0,0.0,0.0,0.0,80.26,0.0,0.0,0.0,75.11,0.0,0.0
Alyssa Milano,1cf98d7c4de5dbd827b87c989a531256,Test/Alyssa Milano/41.jpg,99.08,0.0,0.0,75.75,0.0,0.0,0.0,0.0,0.0,0.0,0.0,0.0
Alyssa Milano,424dfc9baf89c3adf81664ef7fb326b8,Test/Alyssa Milano/69.jpg,98.63,0.0,89.31,0.0,0.0,0.0,0.0,0.0,0.0,0.0,0.0,0.0
Alyssa Milano,6a1eb598d23ad72f170f19ff420c8036,Test/Alyssa Milano/82.jpg,99.61,94.06,94.68,98.78,78.77,87.00,0.0,98.76,93.78,87.07,98.47,88.03
Alyssa Milano,2ab0df02d82a3f29a762ba5672025035,Test/Alyssa Milano/83.jpg,98.28,0.0,85.70,0.0,0.0,0.0,88.83,0.0,0.0,0.0,0.0,0.0
Alyssa Milano,776116116a3fce9c61b91d983573a1b0,Test/Alyssa Milano/40.jpg,99.20,87.37,75.51,78.76,0.0,87.65,0.0,0.0,90.05,0.0,88.35,0.0
Alyssa Milano,0577a53ec326f847d2786f96f5158148,Test/Alyssa Milano/54.jpg,99.88,87.52,93.64,86.90,81.62,96.07,90.84,79.36,0.0,0.0,78.14,78.12
Alyssa Milano,de9f98e640224d166a495341f53ffe4d,Test/Alyssa Milano/6.jpg,98.08,0.0,0.0,0.0,0.0,0.0,0.0,0.0,0.0,0.0,91.04,79.59
Alyssa Milano,f1066d80448bc08fd43c690011c6f766,Test/Alyssa Milano/78.jpg,97.82,0.0,0.0,0.0,0.0,0.0,0.0,0.0,0.0,0.0,0.0,90.30
Alyssa Milano,89ac35efcb569c49d47befc67591e0ea,Test/Alyssa Milano/2.jpg,99.78,90.53,0.0,0.0,0.0,89.34,78.86,0.0,0.0,0.0,0.0,0.0
Alyssa Milano,81ae21d1088b58131b72435a378b59e7,Test/Alyssa Milano/50.jpg,99.83,80.30,0.0,0.0,85.04,88.92,0.0,0.0,0.0,0.0,0.0,0.0
Alyssa Milano,ce356fa1e72ad94418f78ddfc2104da7,Test/Alyssa Milano/44.jpg,96.60,95.41,78.02,0.0,0.0,81.16,92.10,75.66,0.0,83.33,0.0,85.76
Alyssa Milano,acfc594f79e3e1bd0d4310a4b1ec179d,Test/Alyssa Milano/45.jpg,99.69,89.03,79.04,97.51,0.0,0.0,0.0,0.0,76.95,91.56,82.99,0.0
Alyssa Milano,6a8e48798b249b2f5b7eac2b6da8f549,Test/Alyssa Milano/3.jpg,99.87,0.0,84.08,78.45,0.0,82.92,0.0,0.0,0.0,0.0,0.0,0.0
Alyssa Milano,5ddb7e776ac01a6393e621627110caa6,Test/Alyssa Milano/51.jpg,98.38,86.76,0.0,91.16,92.96,94.70,90.93,0.0,0.0,0.0,97.45,0.0
Alyssa Milano,aa330a22447d97dfdf9d64d3a3e098d1,Test/Alyssa Milano/79.jpg,99.33,94.22,98.92,92.43,96.63,87.82,88.35,97.86,93.16,89.13,97.28,88.49
Alyssa Milano,0d3094906a28c510f788716717772bab,Test/Alyssa Milano/53.jpg,99.83,0.0,0.0,84.70,0.0,0.0,0.0,89.66,0.0,78.42,0.0,0.0
Alyssa Milano,f68f65e987b23b7ed1cdfb22e0dfd342,Test/Alyssa Milano/1.jpg,97.09,92.04,0.0,0.0,79.19,0.0,0.0,0.0,0.0,84.10,0.0,79.06
Alyssa Milano,70e042fc1db866be6be193d901b27f77,Test/Alyssa Milano/52.jpg,99.51,0.0,0.0,0.0,0.0,83.25,0.0,0.0,0.0,0.0,0.0,0.0
Alyssa Milano,cac34661688726221cd8532fc8158cf6,Test/Alyssa Milano/0.jpg,98.01,75.96,0.0,0.0,76.21,0.0,77.70,0.0,0.0,93.64,0.0,0.0
Alyssa Milano,82224845857071e601d30737aa4702ef,Test/Alyssa Milano/46.jpg,99.79,0.0,95.17,0.0,89.58,0.0,89.83,89.20,0.0,0.0,81.08,0.0
Christopher Walken,ab319a0e1948852e6199ebd5b9de12c9,Test/Christopher Walken/8.jpg,93.36,0.0,0.0,0.0,0.0,0.0,0.0,0.0,0.0,0.0,0.0,88.53
Christopher Walken,adf02fb80427a449eb1fa46f1517f36f,Test/Christopher Walken/4.jpg,91.23,0.0,0.0,79.38,0.0,0.0,0.0,0.0,0.0,0.0,0.0,0.0
Christopher Walken,7a7c8a6cc824748efd3bfa9c9c6678dd,Test/Christopher Walken/5.jpg,99.95,96.17,91.01,95.44,94.84,85.82,96.87,98.02,97.75,98.08,94.88,90.45
Christopher Walken,4f5abf0e6fc2d60de269fb9321b44f71,Test/Christopher Walken/7.jpg,99.84,96.19,99.19,98.64,96.20,96.84,99.58,0.0,99.53,0.0,0.0,94.46
Christopher Walken,e6555518a4a0d43fa4c1383cd728d6f3,Test/Christopher Walken/6.jpg,99.77,84.01,0.0,82.43,0.0,77.93,75.86,0.0,0.0,0.0,90.08,0.0
Christopher Walken,6b62faf351944a4ad5ec486fb4e87625,Test/Christopher Walken/3.jpg,98.99,83.38,0.0,0.0,0.0,0.0,0.0,0.0,85.71,0.0,0.0,0.0
Christopher Walken,cd684e81125ad9f897ba4b1b449c0b69,Test/Christopher Walken/1.jpg,99.16,95.64,96.78,98.85,96.33,95.73,0.0,84.26,84.01,95.14,84.16,80.45
Barack Obama,7bc3452be0a04db10f7dffc769f0cc20,Test/Barack Obama/63.jpg,99.80,76.17,0.0,0.0,76.89,76.16,91.12,0.0,0.0,0.0,0.0,77.32
Barack Obama,f18784bdba82ee5922de28c02a5669b4,Test/Barack Obama/77.jpg,99.92,99.14,98.61,99.72,98.06,97.16,97.73,98.52,93.87,97.47,96.44,98.71
Barack Obama,1a95c68686d925039d168216d5b9bda5,Test/Barack Obama/88.jpg,99.83,0.0,0.0,0.0,0.0,0.0,75.54,0.0,94.15,75.15,0.0,0.0
Barack Obama,5d1b50f8a26a5fab52a95bed3a8ab256,Test/Barack Obama/89.jpg,99.56,89.85,76.30,76.43,76.87,83.93,0.0,0.0,0.0,90.33,90.24,0.0
Barack Obama,a67a3196b68e714d2ac51dce200d7e3a,Test/Barack Obama/76.jpg,99.94,86.95,96.16,95.95,0.0,0.0,0.0,0.0,0.0,0.0,0.0,0.0
Barack Obama,ef5a88f0e8e31cee1d3ef7bf74782801,Test/Barack Obama/62.jpg,99.45,78.71,79.65,83.37,0.0,81.51,90.62,0.0,0.0,89.42,83.17,91.85
Barack Obama,a5a92eedbd22bf41d536e45c07849715,Test/Barack Obama/74.jpg,99.99,93.47,0.0,98.15,86.11,95.39,94.82,95.42,76.20,94.87,75.36,92.64
Barack Obama,6f9dbb38cc72bc33bd78550f398c5b9f,Test/Barack Obama/48.jpg,99.79,80.70,85.90,0.0,87.83,87.72,84.41,93.32,0.0,0.0,0.0,82.59
Barack Obama,f587feb99c33fb3e05ad9d385924993d,Test/Barack Obama/49.jpg,99.85,89.29,93.35,92.70,96.65,91.08,86.90,96.39,94.43,89.83,90.18,0.0
Barack Obama,f4528f3255749061e4e82a7498e33ef1,Test/Barack Obama/75.jpg,99.82,80.23,0.0,93.85,94.82,75.83,88.77,78.06,94.01,80.90,96.37,0.0
Barack Obama,dfdabce635da4d2203a726e85c9dd208,Test/Barack Obama/59.jpg,99.85,95.70,98.06,98.02,97.41,94.39,97.74,90.14,96.24,93.60,96.94,91.74
Barack Obama,811916e2e9c742fdef27c0cb7e7b16da,Test/Barack Obama/71.jpg,99.86,95.96,89.51,83.33,85.91,76.83,92.10,91.49,88.91,76.82,79.67,89.89
Barack Obama,9cf0a826729b849eb067e9093b6f2e0b,Test/Barack Obama/64.jpg,99.97,0.0,88.22,80.85,86.26,96.85,89.24,0.0,0.0,0.0,0.0,0.0
Barack Obama,c9bc257129dd95b72f58c3dab344693c,Test/Barack Obama/70.jpg,99.13,75.36,0.0,95.94,0.0,0.0,84.98,83.80,0.0,0.0,0.0,81.90
Barack Obama,3f7df5d4c4676efdadd86dd554b0af8b,Test/Barack Obama/58.jpg,99.61,92.40,93.53,96.29,95.72,85.27,90.75,0.0,84.77,0.0,77.11,0.0
Barack Obama,5e22ec5491676cb8b6e3d1cf9e98f4cf,Test/Barack Obama/8.jpg,99.84,95.75,87.35,80.08,95.88,0.0,93.98,98.82,94.73,88.47,85.80,93.22
Barack Obama,ec3df739e7b91f91711f0c737f46380e,Test/Barack Obama/66.jpg,99.92,98.57,97.67,98.67,95.46,96.49,0.0,95.69,96.21,97.67,96.27,92.77
Barack Obama,9f6aa16da36084809d47a45747ac9f9f,Test/Barack Obama/72.jpg,99.97,98.13,97.76,96.07,97.00,97.63,95.64,96.75,97.38,95.14,98.19,97.75
Barack Obama,b465d7fcda71a7e7fd28570dd2bdaa7d,Test/Barack Obama/99.jpg,99.28,75.94,0.0,0.0,0.0,0.0,0.0,0.0,0.0,0.0,0.0,0.0
Barack Obama,63873309fcf4c663866ca1631a0eabb8,Test/Barack Obama/98.jpg,98.92,99.30,99.43,99.20,99.31,98.43,98.75,98.74,98.16,98.66,96.80,95.66
Barack Obama,36eef0e4531b92ac4c585779974ff892,Test/Barack Obama/73.jpg,99.72,0.0,0.0,77.19,82.58,0.0,75.18,0.0,88.37,90.11,0.0,0.0
Barack Obama,243110041d6c51431c16a64efc024eee,Test/Barack Obama/67.jpg,99.98,91.89,99.35,98.29,93.58,92.87,97.04,98.85,99.09,94.22,97.64,98.10
Barack Obama,880d50ff87357cb968fde40744581eb0,Test/Barack Obama/9.jpg,99.86,98.47,96.17,98.46,89.90,90.13,0.0,93.48,84.41,0.0,93.13,0.0
Barack Obama,1b4cbfed3aae32005db5cef98756ab7c,Test/Barack Obama/14.jpg,98.97,95.40,0.0,85.64,75.35,89.65,78.25,0.0,0.0,84.50,90.64,0.0
Barack Obama,8197dbb02f1e8db30b2a5227ba4097c7,Test/Barack Obama/28.jpg,99.87,95.09,97.40,95.08,98.45,98.00,90.43,96.98,86.18,98.69,98.30,95.98
Barack Obama,cfa1a9b0097d0353b08266e1799f2bca,Test/Barack Obama/129.jpg,99.87,0.0,0.0,83.58,0.0,0.0,0.0,0.0,0.0,0.0,0.0,78.70
Barack Obama,d8129d4c94c6c754af3e4d8318ecdae1,Test/Barack Obama/101.jpg,99.77,0.0,0.0,0.0,0.0,0.0,0.0,0.0,0.0,0.0,0.0,0.0
Barack Obama,a0dc7563f9668fcf0e4d9616fd20c31c,Test/Barack Obama/115.jpg,99.86,0.0,0.0,0.0,81.67,76.68,0.0,0.0,0.0,75.15,77.06,0.0
Barack Obama,4a1f29ad5745d5d230f8ef3ff010dd87,Test/Barack Obama/114.jpg,99.96,94.30,94.51,99.39,94.38,98.12,98.85,95.30,93.12,99.27,97.39,93.69
Barack Obama,c907bb568a5ae2d0122b171b6e22afd9,Test/Barack Obama/100.jpg,99.77,97.43,97.27,89.41,97.25,99.33,90.51,95.88,99.36,98.10,97.98,97.58
Barack Obama,adfea31d5f7c19bf9f04baad36a4fc86,Test/Barack Obama/128.jpg,99.99,94.31,0.0,0.0,0.0,0.0,0.0,0.0,0.0,0.0,0.0,0.0
Barack Obama,957d5ec920dfe692ca01a121e5351abd,Test/Barack Obama/15.jpg,99.80,97.03,96.40,88.14,94.84,97.54,93.09,98.69,96.48,95.53,0.0,94.27
Barack Obama,cf5a8a20ec1d8204f9f149365c0df49f,Test/Barack Obama/17.jpg,99.88,90.41,90.79,97.05,78.64,88.67,94.32,0.0,0.0,84.74,88.92,87.96
Barack Obama,a1f962298db25a316727057a82491298,Test/Barack Obama/116.jpg,99.94,92.55,85.15,80.46,88.50,93.68,0.0,77.98,90.24,79.98,0.0,0.0
Barack Obama,b25136971be91baad41d32352db8e8a1,Test/Barack Obama/102.jpg,99.38,90.05,80.67,86.73,93.75,86.27,0.0,91.52,89.03,84.83,0.0,0.0
Barack Obama,54f732722f4e83d60e2e2b6ff510bf95,Test/Barack Obama/103.jpg,99.83,0.0,91.57,0.0,0.0,0.0,0.0,76.32,0.0,0.0,0.0,0.0
Barack Obama,7dfe02459129247b8b1cc317420cbdcd,Test/Barack Obama/117.jpg,99.28,0.0,0.0,0.0,77.85,0.0,0.0,0.0,0.0,0.0,0.0,0.0
Barack Obama,6c4365a9795ab614810767edf8ff6b8e,Test/Barack Obama/16.jpg,99.29,81.30,0.0,0.0,0.0,85.59,85.87,0.0,77.87,84.46,0.0,0.0
Barack Obama,39cd43d4a84c7aecf3cd3535cb1a493e,Test/Barack Obama/12.jpg,99.81,93.10,94.69,0.0,96.06,86.51,0.0,85.16,90.07,91.29,88.63,0.0
Barack Obama,72f527a5a6055d2e20d7013759ce41ad,Test/Barack Obama/113.jpg,99.98,0.0,92.36,87.19,95.44,90.15,90.79,0.0,0.0,87.03,75.74,0.0
Barack Obama,2353d209ebbbe301d51cce19a3d07b23,Test/Barack Obama/107.jpg,99.74,0.0,0.0,0.0,0.0,0.0,0.0,0.0,0.0,0.0,0.0,0.0
Barack Obama,cf96133cf1bb63c00571806d7475e8c3,Test/Barack Obama/106.jpg,99.96,0.0,0.0,0.0,0.0,0.0,0.0,0.0,0.0,84.25,0.0,0.0
Barack Obama,e76b0259764457471fdc365f7732374f,Test/Barack Obama/112.jpg,99.97,96.35,97.84,84.89,0.0,82.81,90.82,0.0,0.0,0.0,95.43,0.0
Barack Obama,a20fe2e3eee679cadd565a6b468c80a5,Test/Barack Obama/13.jpg,98.79,0.0,85.32,0.0,0.0,0.0,0.0,0.0,0.0,77.27,0.0,0.0
Barack Obama,613f46838eec7f1f615956d929096039,Test/Barack Obama/39.jpg,99.66,96.76,98.79,98.27,98.54,90.27,91.45,96.52,98.46,96.29,97.38,95.52
Barack Obama,4cc552fcfa276f9f44846ca39efe76e1,Test/Barack Obama/11.jpg,99.97,91.18,95.69,75.83,91.95,88.29,83.37,88.61,81.32,92.25,75.33,76.36
Barack Obama,976cc31eaf7bf0d4f7f5614bc99db893,Test/Barack Obama/104.jpg,99.96,98.34,98.18,98.85,98.10,95.74,99.10,99.02,98.68,99.25,99.09,96.90
Barack Obama,4467c5ef702b019589cdb081d00bd7aa,Test/Barack Obama/110.jpg,99.88,0.0,0.0,0.0,80.60,0.0,87.20,0.0,0.0,86.68,0.0,0.0
Barack Obama,ce8a570ca4870a4ed523603b6117eeb4,Test/Barack Obama/138.jpg,99.89,80.86,80.42,84.47,0.0,0.0,0.0,0.0,80.23,80.79,0.0,95.39
Barack Obama,ce91926b95e4b9688f380091a0f39263,Test/Barack Obama/139.jpg,99.69,0.0,0.0,0.0,0.0,0.0,0.0,80.77,0.0,0.0,0.0,88.85
Barack Obama,f66e259626593df3de21f0d51eee5285,Test/Barack Obama/111.jpg,99.74,92.15,79.85,81.03,91.41,82.99,80.35,90.50,0.0,0.0,0.0,0.0
Barack Obama,54619475fd31683c554b9f2663f81ee0,Test/Barack Obama/105.jpg,99.96,99.49,99.68,99.40,98.52,98.77,99.85,99.60,99.72,99.82,98.27,98.92
Barack Obama,e990e78b606054dabbbd58d92a80e6bc,Test/Barack Obama/10.jpg,99.87,0.0,0.0,0.0,0.0,89.06,85.19,75.43,0.0,0.0,77.81,0.0
Barack Obama,974e8f68f5344536c0c86a5b804317ed,Test/Barack Obama/38.jpg,99.95,95.04,93.99,0.0,0.0,95.05,0.0,0.0,87.69,0.0,0.0,0.0
Barack Obama,fc7d0209cc3009b956b4a3e55351a7ac,Test/Barack Obama/21.jpg,99.95,94.05,98.60,96.46,95.20,87.04,88.62,80.12,92.48,82.32,96.27,94.61
Barack Obama,eb7f8663db7b41981abe51b7d95fcb53,Test/Barack Obama/35.jpg,99.96,99.56,99.32,99.02,98.13,99.55,98.55,99.73,99.04,99.22,99.64,99.28
Barack Obama,869b75b3cd7fc2c018c86c87e17f03b7,Test/Barack Obama/108.jpg,99.79,83.79,87.76,85.70,0.0,93.35,0.0,0.0,0.0,84.32,0.0,88.84
Barack Obama,390afca4cd09a0b86b49f0273c6b17a8,Test/Barack Obama/120.jpg,99.98,89.76,78.97,82.64,0.0,85.89,78.80,84.13,0.0,86.86,0.0,0.0
Barack Obama,2fafc828e7914297ffc588773c54791f,Test/Barack Obama/134.jpg,99.96,97.20,98.19,95.60,98.29,96.21,87.57,86.94,98.72,94.08,97.24,0.0
Barack Obama,f6ba599f2ec457e40b3274f4510aa89a,Test/Barack Obama/135.jpg,99.95,95.75,98.04,97.40,97.71,97.75,98.93,98.36,95.72,95.15,91.85,98.73
Barack Obama,442b968b1c81d13e8d12945e02688534,Test/Barack Obama/121.jpg,99.57,0.0,0.0,0.0,0.0,0.0,85.75,0.0,91.20,0.0,0.0,0.0
Barack Obama,315483fa69758369e2bda8bf14dd8e52,Test/Barack Obama/109.jpg,99.92,90.50,0.0,91.23,0.0,88.97,0.0,0.0,0.0,0.0,75.89,0.0
Barack Obama,dcd84c7084e5b9718af41f511fbff53e,Test/Barack Obama/34.jpg,99.93,91.92,96.98,95.72,96.57,90.94,95.65,98.41,88.39,81.62,95.24,95.68
Barack Obama,c2588a039604745686a56a978c302683,Test/Barack Obama/20.jpg,92.39,0.0,0.0,0.0,0.0,0.0,0.0,0.0,0.0,0.0,0.0,0.0
Barack Obama,4071b8e1b4de05488134a3bdba3604ee,Test/Barack Obama/36.jpg,99.80,98.26,97.23,87.10,94.65,91.68,97.08,95.38,96.52,89.65,93.88,90.84
Barack Obama,cf5a8a20ec1d8204f9f149365c0df49f,Test/Barack Obama/22.jpg,99.72,83.53,75.30,88.24,96.88,96.13,85.72,88.24,83.26,0.0,91.03,81.33
Barack Obama,6f5f3c8ae9512daf221dd9a2d57dde29,Test/Barack Obama/137.jpg,99.82,89.41,98.12,96.28,95.95,94.75,90.52,97.75,93.10,98.33,84.39,96.09
Barack Obama,a386241f851b1abb58eed91255a74519,Test/Barack Obama/123.jpg,99.95,95.93,98.86,97.31,95.11,80.16,96.54,95.47,88.61,95.52,84.77,86.11
Barack Obama,ef140b76e1739c1e7a0526d42ee6b2b0,Test/Barack Obama/122.jpg,99.96,93.93,94.37,96.03,97.52,98.60,89.32,97.96,98.57,96.39,95.35,91.77
Barack Obama,5175de36dd57797680c51ddb2d953278,Test/Barack Obama/136.jpg,99.84,94.88,99.48,98.91,96.32,94.35,99.20,98.89,98.85,98.19,98.84,96.13
Barack Obama,d246d95df237e55e6a7fe7e3d7bd1e90,Test/Barack Obama/23.jpg,99.91,97.49,90.32,89.25,95.96,96.08,98.86,96.50,94.52,97.76,95.32,95.91
Barack Obama,e718db9439d233b2104f31d933f0c4b6,Test/Barack Obama/37.jpg,99.95,97.94,84.05,90.05,0.0,0.0,79.70,92.70,85.19,0.0,84.46,90.38
Barack Obama,4721fd48e85ed7ec47bea395d14217da,Test/Barack Obama/27.jpg,99.98,97.14,96.33,95.93,99.04,88.33,94.54,97.04,93.84,98.37,97.49,93.96
Barack Obama,76ba504bf04e108902281bc48e0caaf6,Test/Barack Obama/132.jpg,99.84,98.61,98.50,99.53,99.15,98.05,98.31,98.95,97.73,99.05,96.16,98.23
Barack Obama,49e138f197e2b3ce3da983ed53cb1cf6,Test/Barack Obama/126.jpg,99.68,93.89,92.94,92.70,81.09,95.90,89.19,95.05,86.33,88.30,86.07,89.81
Barack Obama,5a4f3bdc62839a6e694dbde64d9f6d77,Test/Barack Obama/127.jpg,99.97,93.90,85.42,95.87,88.45,97.98,98.71,94.93,90.11,85.35,97.37,0.0
Barack Obama,96f583b0668665dcfe527e9f02a3ec75,Test/Barack Obama/133.jpg,99.83,0.0,95.42,89.55,84.74,0.0,0.0,0.0,0.0,0.0,0.0,0.0
Barack Obama,10b3d075464172775b24f4ebabdf29ff,Test/Barack Obama/26.jpg,98.11,0.0,0.0,0.0,0.0,0.0,0.0,0.0,0.0,0.0,0.0,0.0
Barack Obama,f4f3b53b483c7ce7ddc7280960a0e898,Test/Barack Obama/18.jpg,99.71,85.94,96.95,92.68,0.0,0.0,82.40,89.48,0.0,0.0,0.0,0.0
Barack Obama,0514c5c60750078b31f03b50c94c34eb,Test/Barack Obama/24.jpg,99.91,96.67,96.90,88.34,98.63,88.04,86.99,96.00,96.06,83.08,96.74,94.56
Barack Obama,d66f64ee49f1fb16fb2286a5c9cb9efc,Test/Barack Obama/30.jpg,99.06,0.0,0.0,0.0,0.0,0.0,0.0,0.0,0.0,0.0,0.0,0.0
Barack Obama,8f2fc467b94cd6f2bb5a7b3228be3cbc,Test/Barack Obama/125.jpg,99.33,95.10,88.57,94.81,93.71,98.66,95.02,90.97,93.27,96.65,96.44,90.20
Barack Obama,f152e846b8e12e5c30962eb79a07b203,Test/Barack Obama/131.jpg,99.75,0.0,0.0,0.0,79.12,0.0,0.0,0.0,0.0,0.0,0.0,0.0
Barack Obama,db15735a99d5c1dc1de04a87c873b8dc,Test/Barack Obama/119.jpg,99.95,99.49,99.17,98.95,99.22,98.77,94.91,98.51,99.52,96.94,90.42,98.39
Barack Obama,1591fbb59236e93ee4c068ac9f6aef5f,Test/Barack Obama/118.jpg,99.61,84.24,0.0,0.0,0.0,0.0,0.0,0.0,0.0,0.0,0.0,0.0
Barack Obama,2ce152ef31ed10b05f3052077e3812f9,Test/Barack Obama/130.jpg,99.89,95.51,97.65,95.40,95.52,95.52,96.14,83.00,95.91,88.54,88.31,90.16
Barack Obama,21e1c952550dd8efb17cd7ca0ac12f17,Test/Barack Obama/124.jpg,99.87,0.0,92.18,0.0,0.0,0.0,0.0,88.79,0.0,94.26,0.0,88.59
Barack Obama,e778f2bc4a25af77bc465a999d4f23b3,Test/Barack Obama/31.jpg,99.41,88.43,0.0,0.0,0.0,0.0,91.64,0.0,0.0,80.00,0.0,0.0
Barack Obama,d0a4eddb340e105ef6396057322c0a71,Test/Barack Obama/25.jpg,99.97,99.46,99.49,99.26,98.04,98.99,99.36,98.30,94.41,0.0,94.78,99.58
Barack Obama,354b551041810a431226df014c71a860,Test/Barack Obama/19.jpg,99.80,96.39,82.40,82.23,92.38,95.35,96.20,90.48,88.87,89.21,80.49,94.26
Barack Obama,ea4d35f0f066854db30503d25bcab576,Test/Barack Obama/42.jpg,99.45,0.0,0.0,0.0,0.0,0.0,0.0,0.0,0.0,0.0,0.0,0.0
Barack Obama,f975db29082a0d3cc9a4b0d89f446781,Test/Barack Obama/4.jpg,99.88,95.43,98.05,97.33,98.99,98.46,95.51,93.51,96.76,98.35,97.64,78.65
Barack Obama,cf2990387a27f9513126fb55ed2276cc,Test/Barack Obama/56.jpg,99.96,98.63,0.0,0.0,94.88,91.07,0.0,95.70,0.0,0.0,0.0,0.0
Barack Obama,a8bb78178f737fe4b3923567840b999f,Test/Barack Obama/81.jpg,99.84,0.0,75.91,87.14,0.0,0.0,0.0,0.0,0.0,86.55,0.0,0.0
Barack Obama,21058fd2df23efdd9b1fd4b10a5f5a1e,Test/Barack Obama/95.jpg,99.45,0.0,75.32,0.0,0.0,0.0,0.0,0.0,0.0,0.0,0.0,0.0
Barack Obama,59c32d7ab8e8aeb1d183ad55dea2f7ad,Test/Barack Obama/143.jpg,99.72,99.13,99.20,99.14,99.50,99.34,98.85,99.11,99.52,99.29,99.51,99.62
Barack Obama,27a116d7367350f3243a47ff6901a3e1,Test/Barack Obama/142.jpg,99.88,97.25,0.0,96.67,80.85,94.06,95.86,92.90,97.13,94.11,90.75,89.55
Barack Obama,522bee482e0b9f43adb013102e3755b2,Test/Barack Obama/94.jpg,99.89,90.24,98.04,97.78,96.15,94.14,96.90,98.69,92.39,92.76,97.99,96.99
Barack Obama,948326deed4aa7b1a917474cc383072a,Test/Barack Obama/80.jpg,99.83,84.13,89.05,93.53,0.0,82.62,0.0,0.0,91.47,98.33,84.88,94.53
Barack Obama,330e55e668a701b9dff16732bc34324f,Test/Barack Obama/5.jpg,99.79,0.0,0.0,0.0,0.0,0.0,0.0,0.0,0.0,0.0,0.0,0.0
Barack Obama,b0ff9658c7566bc579b66164b02255c5,Test/Barack Obama/57.jpg,99.18,94.73,91.87,92.86,93.16,80.57,80.16,79.13,90.61,94.63,87.75,93.37
Barack Obama,c7c70790d5562114047159a1d5e2f7e1,Test/Barack Obama/43.jpg,99.93,98.88,99.76,98.23,96.39,98.76,99.14,98.58,97.82,99.66,98.57,94.49
Barack Obama,9608053aee292a65d502a7a1fd04c76a,Test/Barack Obama/55.jpg,99.94,0.0,88.19,0.0,87.42,0.0,84.51,0.0,0.0,0.0,0.0,0.0
Barack Obama,4ef7e8b9cf0a1087d7d4258a45eb02ed,Test/Barack Obama/7.jpg,95.98,75.39,0.0,0.0,0.0,0.0,0.0,0.0,0.0,78.45,0.0,0.0
Barack Obama,6e67456900c5fd7686ef85c838efad55,Test/Barack Obama/41.jpg,92.23,0.0,0.0,75.41,0.0,0.0,0.0,0.0,0.0,0.0,0.0,0.0
Barack Obama,a3023793133b139479a2b56e83952db8,Test/Barack Obama/69.jpg,99.90,93.04,88.80,93.60,97.65,81.63,93.65,91.42,94.57,93.54,83.52,95.43
Barack Obama,3ec84cb79ef5f49ff6d539f083848669,Test/Barack Obama/96.jpg,99.79,93.08,0.0,89.69,82.87,0.0,0.0,95.77,0.0,76.87,0.0,0.0
Barack Obama,0847ac71e9acd41f6935293e97a79318,Test/Barack Obama/82.jpg,99.94,0.0,0.0,0.0,0.0,83.35,0.0,0.0,0.0,0.0,0.0,0.0
Barack Obama,8cbeacf6b215a5cb0fb060632e7587c7,Test/Barack Obama/140.jpg,98.71,96.39,99.37,98.02,97.73,95.74,94.32,99.08,86.08,93.20,96.11,99.12
Barack Obama,6243cb6a9a2a4fa7e08296b0d3e0abcc,Test/Barack Obama/141.jpg,99.97,97.92,98.40,97.88,99.13,96.00,92.86,98.51,98.73,97.28,95.37,97.94
Barack Obama,e15db008ea3bacd69cb0881d268d54e2,Test/Barack Obama/83.jpg,98.16,0.0,0.0,0.0,0.0,0.0,0.0,0.0,0.0,0.0,0.0,0.0
Barack Obama,d5e6258bd9bfe6118f4651392a3064bc,Test/Barack Obama/97.jpg,99.82,88.24,95.32,94.30,86.11,92.61,95.78,95.37,93.89,94.18,86.84,0.0
Barack Obama,b7bb667020a36b82553128ae5446609a,Test/Barack Obama/68.jpg,99.83,96.25,98.11,98.37,86.75,93.96,86.72,92.23,95.06,94.23,93.07,89.20
Barack Obama,41d141c7c80001456c00c17ed321cc78,Test/Barack Obama/40.jpg,99.87,84.61,95.46,78.33,94.69,94.72,89.92,84.42,93.90,89.98,0.0,76.99
Barack Obama,2f44d8c9ebab4c094e6f0bca43246c6b,Test/Barack Obama/54.jpg,99.94,88.88,96.16,0.0,98.10,88.14,0.0,0.0,0.0,0.0,0.0,0.0
Barack Obama,b4afbdd7dc8b88a43fdc2bdbb4fb4e7b,Test/Barack Obama/6.jpg,99.94,99.45,99.48,96.78,99.12,98.98,99.58,94.70,99.28,93.48,94.38,97.87
Barack Obama,e551ead7eb1eb0a21b7912cea5df521e,Test/Barack Obama/78.jpg,99.74,0.0,78.21,0.0,80.60,0.0,0.0,0.0,0.0,0.0,0.0,0.0
Barack Obama,a81872d5a9c93df08933c5ebed4b9817,Test/Barack Obama/2.jpg,96.56,0.0,0.0,0.0,0.0,0.0,0.0,87.57,85.15,0.0,0.0,0.0
Barack Obama,c046e1453dc85fd6bfcb0338788a6285,Test/Barack Obama/50.jpg,99.98,97.72,97.37,86.72,98.45,98.96,92.76,89.93,90.80,98.02,95.22,97.70
Barack Obama,7171debd39504d035dfdea64db0f8d61,Test/Barack Obama/44.jpg,99.91,98.32,97.04,98.09,95.42,98.40,97.97,98.64,93.66,96.10,98.34,93.43
Barack Obama,a39c8423ebddf37f3485b9795fdcd106,Test/Barack Obama/145.jpg,99.97,75.92,0.0,84.81,97.79,87.99,0.0,0.0,97.53,84.76,95.64,97.40
Barack Obama,479bad6f27f5b7a97c29cb22d9282d9d,Test/Barack Obama/93.jpg,99.87,97.29,94.07,94.76,95.71,97.26,98.05,97.17,91.12,97.71,96.66,93.73
Barack Obama,ad0acd62a433e4a7952a982432bc0bdf,Test/Barack Obama/87.jpg,99.89,87.04,96.51,92.21,92.29,97.81,79.09,0.0,0.0,0.0,97.28,84.40
Barack Obama,f6ba599f2ec457e40b3274f4510aa89a,Test/Barack Obama/86.jpg,99.95,99.20,96.24,96.55,97.26,97.57,96.56,98.38,95.57,97.71,98.40,97.38
Barack Obama,bd3a8db7ece50595f03fc825e295c38f,Test/Barack Obama/92.jpg,99.55,92.04,94.30,84.67,95.32,95.61,82.16,83.94,93.74,92.11,96.13,75.87
Barack Obama,e74438ef878d8933ef7a8304642c8f27,Test/Barack Obama/144.jpg,99.64,98.74,98.14,98.13,98.14,89.99,95.12,93.28,96.26,93.57,98.37,88.61
Barack Obama,89f71e3a8604969003a1747d419c7922,Test/Barack Obama/45.jpg,99.95,84.47,0.0,88.85,0.0,94.40,82.49,78.31,0.0,81.26,0.0,79.91
Barack Obama,a94cc8b6d703dc772d419d7cb620ee3c,Test/Barack Obama/3.jpg,99.77,0.0,0.0,0.0,0.0,78.39,0.0,0.0,0.0,0.0,0.0,0.0
Barack Obama,848e730872a8a95f8bc0f13893615bad,Test/Barack Obama/51.jpg,99.93,98.37,98.09,92.65,96.65,99.53,95.87,0.0,95.77,98.98,97.36,94.40
Barack Obama,4e58efbc8b1822e2e258f4cde0a9e35c,Test/Barack Obama/79.jpg,99.69,93.52,94.01,96.13,97.74,97.23,91.10,95.96,92.57,88.47,91.72,88.39
Barack Obama,4fa082ef9b6156737df45396e838b90d,Test/Barack Obama/47.jpg,99.67,97.26,93.71,87.35,97.15,96.88,98.31,98.54,84.38,92.75,95.58,99.43
Barack Obama,19d64ed352d3b509a7735c5476704444,Test/Barack Obama/53.jpg,99.83,85.01,81.68,0.0,92.48,0.0,0.0,79.12,0.0,0.0,86.82,0.0
Barack Obama,bb4f98d0323380f247ce4592d58f1495,Test/Barack Obama/1.jpg,99.88,85.65,91.46,0.0,96.85,97.28,86.21,0.0,88.30,83.75,93.82,0.0
Barack Obama,f5d90d3c3d6654b8c027b586aae4a617,Test/Barack Obama/84.jpg,99.58,0.0,0.0,76.71,0.0,0.0,0.0,0.0,0.0,0.0,0.0,0.0
Barack Obama,b865ad48bd592a62f36b21f9f00f6407,Test/Barack Obama/90.jpg,99.96,0.0,95.30,0.0,0.0,0.0,0.0,84.27,87.62,0.0,0.0,0.0
Barack Obama,01c932df87564aff585ff947db7d710c,Test/Barack Obama/91.jpg,99.96,94.72,88.79,0.0,95.34,93.62,97.38,0.0,83.76,92.57,84.75,95.18
Barack Obama,65f8003bb89d87601219984d7fb5c41f,Test/Barack Obama/85.jpg,99.83,94.37,92.55,95.26,85.61,97.07,98.10,88.14,96.06,95.09,0.0,76.54
Barack Obama,1d19cb493bffaecd469ec3f5b03aaa3f,Test/Barack Obama/52.jpg,98.72,0.0,0.0,0.0,0.0,0.0,0.0,0.0,0.0,0.0,0.0,0.0
Barack Obama,b2b1dfacf2b5b1dd1734b53d3ad95e25,Test/Barack Obama/0.jpg,99.58,0.0,0.0,0.0,0.0,0.0,0.0,0.0,0.0,0.0,78.47,0.0
Barack Obama,320c0406e4e4e93360f7c5ee84e7618a,Test/Barack Obama/46.jpg,97.94,89.13,0.0,0.0,0.0,0.0,0.0,0.0,0.0,0.0,0.0,0.0
Anna Paquin,ed89a6f2c2bb17f0b8b50da5b7585627,Test/Anna Paquin/8.jpg,99.66,97.80,94.76,98.64,82.13,98.80,96.90,99.22,98.74,98.07,96.03,92.81
Anna Paquin,d42dacfcc4c389b826fdc95c33982475,Test/Anna Paquin/9.jpg,99.17,99.46,98.38,99.17,99.57,98.59,98.86,99.31,98.99,91.84,99.63,98.10
Anna Paquin,271c4ba1b17e19327993880c1eadfb5d,Test/Anna Paquin/14.jpg,98.90,95.44,0.0,83.15,0.0,0.0,77.24,0.0,92.03,92.75,0.0,0.0
Anna Paquin,588410ee91680c060f287baa447d326d,Test/Anna Paquin/28.jpg,99.75,76.96,91.84,88.94,77.62,0.0,93.41,84.21,0.0,77.51,0.0,0.0
Anna Paquin,57a12ab6c13b7fe847e637018b0a4549,Test/Anna Paquin/29.jpg,99.71,94.92,99.67,92.77,0.0,0.0,86.38,87.36,82.23,91.35,0.0,94.30
Anna Paquin,e3efdb3fda83999f81d75ad4ffc58f34,Test/Anna Paquin/15.jpg,98.47,95.94,82.79,0.0,0.0,0.0,90.42,0.0,75.90,0.0,80.97,0.0
Anna Paquin,ec02711462f0452a5f57dcdd342ef7b1,Test/Anna Paquin/17.jpg,99.72,99.66,96.52,99.43,98.67,99.63,99.31,99.77,91.79,93.68,99.83,92.96
Anna Paquin,3dcb62531ab7fed84e1969c14ecc4367,Test/Anna Paquin/16.jpg,99.48,94.19,96.63,93.48,0.0,98.96,98.47,97.66,98.20,0.0,95.25,79.98
Anna Paquin,7f7356272a848fc9dea3a791a5325311,Test/Anna Paquin/12.jpg,99.84,83.38,0.0,88.19,0.0,0.0,94.37,0.0,0.0,0.0,0.0,0.0
Anna Paquin,663240dca0dfb6772a1c8ce49292071c,Test/Anna Paquin/13.jpg,97.40,97.39,96.66,97.52,80.36,98.19,99.26,92.56,98.89,86.78,94.07,96.53
Anna Paquin,d767e68cfb9072fff39c1294dd742135,Test/Anna Paquin/11.jpg,99.83,96.53,98.53,97.63,95.17,98.66,97.63,98.78,85.06,96.26,99.03,91.80
Anna Paquin,a07a748507f14c49c82b205f90ecc045,Test/Anna Paquin/10.jpg,99.19,94.05,90.76,91.68,99.05,99.28,91.52,98.32,97.59,88.42,99.24,76.95
Anna Paquin,f858e6061b1af35bf5b0962358bf95e6,Test/Anna Paquin/21.jpg,99.63,95.96,92.48,99.58,86.09,94.31,89.68,81.63,99.66,98.91,97.95,90.63
Anna Paquin,b509055c9cab819e5d7a6865c2bb5c58,Test/Anna Paquin/34.jpg,94.73,0.0,0.0,0.0,0.0,78.69,83.20,0.0,0.0,0.0,0.0,82.38
Anna Paquin,8e7015c2bf66c90810836317f3086c9d,Test/Anna Paquin/22.jpg,97.35,83.15,0.0,92.08,88.64,82.18,0.0,0.0,0.0,0.0,0.0,0.0
Anna Paquin,a13eaed57b33fbd00589690c737fd20c,Test/Anna Paquin/23.jpg,98.49,99.53,96.23,99.14,99.80,97.00,98.71,96.45,82.72,92.07,99.46,96.74
Anna Paquin,6cc0198ba5a5f97548b99d8ae78bbbf6,Test/Anna Paquin/33.jpg,97.77,92.51,98.13,0.0,95.80,87.94,77.25,92.36,92.91,85.46,93.00,92.79
Anna Paquin,e76cc29be0f08e595bacdd715c09d03f,Test/Anna Paquin/32.jpg,97.34,0.0,0.0,88.02,95.10,0.0,0.0,0.0,79.23,0.0,0.0,0.0
Anna Paquin,1f3cc0091192426e9d572ca3cb10acdf,Test/Anna Paquin/18.jpg,96.75,91.44,97.88,90.99,90.02,87.09,95.88,85.58,96.63,96.59,97.37,98.35
Anna Paquin,dfae94177865fa80ebb56c91863bc42b,Test/Anna Paquin/24.jpg,99.66,98.54,99.34,99.17,98.14,99.45,99.68,99.19,97.16,99.30,99.05,99.23
Anna Paquin,b38ebf7c5e3dc306b7520da39035a927,Test/Anna Paquin/30.jpg,99.57,92.18,0.0,82.26,97.75,0.0,0.0,84.44,98.22,99.09,0.0,0.0
Anna Paquin,80cafc5f65fde2b885a9c0c4fe1ad88b,Test/Anna Paquin/31.jpg,99.63,99.39,98.45,97.84,89.40,98.86,85.23,91.38,93.62,98.96,85.16,99.31
Anna Paquin,c7c95be34655553be7a22f49c363c419,Test/Anna Paquin/19.jpg,91.88,0.0,0.0,0.0,0.0,0.0,0.0,0.0,0.0,0.0,0.0,0.0
Anna Paquin,464c189157dcad9d05876cd46d9dac42,Test/Anna Paquin/7.jpg,99.17,0.0,95.66,98.75,97.69,98.04,99.29,97.94,95.71,97.28,91.41,95.69
Anna Paquin,c35ce2eb7e994608a2559b7648e9c3fe,Test/Anna Paquin/6.jpg,99.62,0.0,0.0,0.0,0.0,0.0,95.87,0.0,0.0,78.25,0.0,0.0
Anna Paquin,f554738ab5d769c63268389e0750a281,Test/Anna Paquin/2.jpg,99.34,99.51,96.22,97.28,99.15,94.59,97.86,95.05,97.26,99.46,97.02,97.42
Anna Paquin,3734612d81612cf35d98bc5d5352b9d8,Test/Anna Paquin/1.jpg,98.55,85.39,0.0,0.0,76.03,79.86,0.0,82.17,0.0,0.0,0.0,0.0
Anna Paquin,d065dab5ce383d69200e6baf60fe7751,Test/Anna Paquin/0.jpg,99.19,0.0,0.0,0.0,0.0,92.63,80.37,0.0,0.0,82.44,0.0,0.0
Ben Stiller,0bfe47b7bff058ac01c5cc170686b321,Test/Ben Stiller/8.jpg,99.80,98.92,99.05,96.78,88.16,98.57,96.29,95.98,96.18,94.08,98.59,0.0
Ben Stiller,c730128b94137ab6f0384f346a165acc,Test/Ben Stiller/9.jpg,99.54,95.29,86.52,94.54,95.08,96.57,91.66,97.90,92.91,93.47,95.99,98.31
Ben Stiller,3556548ed1af9539a2fb606d7e48f307,Test/Ben Stiller/14.jpg,99.60,94.27,94.69,95.53,97.71,92.85,95.17,98.07,96.72,94.90,96.74,83.28
Ben Stiller,3ab87bd1ebca00d8eedefda91b3fe51d,Test/Ben Stiller/28.jpg,95.66,75.60,0.0,75.16,0.0,0.0,0.0,0.0,0.0,0.0,0.0,0.0
Ben Stiller,b44ff0f00c3349692084166dea765881,Test/Ben Stiller/15.jpg,99.81,96.65,98.97,98.28,98.40,98.16,98.22,93.66,97.85,97.41,95.51,97.21
Ben Stiller,0a517f95503982a4720f5259c86d2638,Test/Ben Stiller/17.jpg,0.0,0.0,0.0,0.0,0.0,0.0,0.0,0.0,0.0,0.0,76.60,0.0
Ben Stiller,ba149181a7123b33bac968f1660c6584,Test/Ben Stiller/16.jpg,96.09,0.0,0.0,0.0,0.0,0.0,0.0,0.0,0.0,0.0,0.0,0.0
Ben Stiller,e4164b477689d92e5c8b7425062739fb,Test/Ben Stiller/12.jpg,0.0,0.0,0.0,0.0,0.0,0.0,0.0,0.0,0.0,0.0,0.0,0.0
Ben Stiller,d1bc9bf3af2a6ed50c245c36a7861dc0,Test/Ben Stiller/13.jpg,98.89,94.40,84.67,81.49,75.60,79.61,75.57,0.0,90.50,84.97,81.76,82.73
Ben Stiller,6000d65c586cfdfb4e03a7a97f8a94e2,Test/Ben Stiller/11.jpg,99.83,97.93,96.15,95.05,94.13,86.25,97.26,95.45,97.39,96.07,97.24,93.95
Ben Stiller,b9a327dcc599a5927e36f88348375124,Test/Ben Stiller/10.jpg,99.72,96.82,96.95,88.60,84.96,0.0,91.64,84.17,76.99,0.0,91.97,90.39
Ben Stiller,9433791e59f1099e09c37589e46f02bb,Test/Ben Stiller/21.jpg,89.81,0.0,0.0,81.92,0.0,0.0,0.0,0.0,0.0,0.0,0.0,0.0
Ben Stiller,c904a6c2f86659694bd3712842a81933,Test/Ben Stiller/20.jpg,99.83,99.01,93.05,95.50,96.28,89.59,95.34,92.24,91.64,89.35,79.76,94.00
Ben Stiller,0f9f2c709d32c34b527c66375c2371b8,Test/Ben Stiller/22.jpg,99.36,90.18,89.54,96.57,89.23,85.17,0.0,0.0,0.0,88.16,77.72,88.15
Ben Stiller,e887e10d2cd5a3f679042aae1911a43c,Test/Ben Stiller/23.jpg,97.08,0.0,0.0,0.0,0.0,0.0,0.0,0.0,0.0,0.0,0.0,0.0
Ben Stiller,29a20e1492a64dc616122e188c266582,Test/Ben Stiller/27.jpg,99.20,83.25,95.11,95.65,94.66,94.85,93.71,96.26,90.88,90.88,88.15,93.11
Ben Stiller,b585364e9001f88214146f1d62c2441e,Test/Ben Stiller/26.jpg,99.88,0.0,91.41,0.0,87.53,0.0,0.0,0.0,0.0,0.0,0.0,0.0
Ben Stiller,27550cd4a21a8aa2e30816c08a8b45c9,Test/Ben Stiller/18.jpg,98.77,95.42,99.27,96.93,97.44,98.13,95.65,96.00,91.17,97.83,93.97,98.51
Ben Stiller,4dc87556c2b8d9d657da7cfd9f1f42e1,Test/Ben Stiller/24.jpg,99.30,95.10,96.73,91.77,97.65,96.56,93.11,91.21,96.83,96.84,86.44,88.89
Ben Stiller,470d6240ef91e53bf4cf3a2db6206697,Test/Ben Stiller/25.jpg,87.13,0.0,0.0,0.0,0.0,0.0,0.0,0.0,0.0,0.0,0.0,0.0
Ben Stiller,fd887f32b04a564e19c841686f11dd53,Test/Ben Stiller/19.jpg,97.60,95.37,97.87,96.26,98.23,93.72,98.74,98.11,92.07,96.90,95.60,94.19
Ben Stiller,7dfc7ebcdc4fb3d86de7a9c1f7297dd9,Test/Ben Stiller/4.jpg,97.68,0.0,0.0,76.73,0.0,80.30,90.72,0.0,0.0,0.0,0.0,86.00
Ben Stiller,75c4fff6c7cddc11e6120c5ea2bc179c,Test/Ben Stiller/5.jpg,95.68,0.0,0.0,0.0,0.0,0.0,0.0,0.0,0.0,0.0,0.0,0.0
Ben Stiller,46b92b044a6ad5ec5c3c2b87852d3036,Test/Ben Stiller/7.jpg,99.59,0.0,0.0,0.0,82.24,0.0,0.0,0.0,0.0,0.0,0.0,0.0
Ben Stiller,60e4a97d206c10ca817a2ed78f7ed0bf,Test/Ben Stiller/6.jpg,99.72,96.14,97.75,91.58,97.89,0.0,97.70,85.56,96.09,87.54,97.52,76.56
Ben Stiller,7221d7ded4170c7cc9f974d8d3cb14c5,Test/Ben Stiller/2.jpg,99.11,0.0,0.0,79.94,0.0,0.0,0.0,0.0,96.69,0.0,0.0,80.02
Ben Stiller,66b5471d3ebcd402aa226b24b6df2fd9,Test/Ben Stiller/3.jpg,88.89,0.0,0.0,0.0,0.0,0.0,0.0,0.0,0.0,0.0,0.0,0.0
Ben Stiller,8a413a6c6569d9231eb8898716104313,Test/Ben Stiller/1.jpg,96.44,0.0,0.0,0.0,0.0,0.0,0.0,0.0,0.0,0.0,0.0,0.0
Ben Stiller,d640a095f915b3b594762f75162f0a66,Test/Ben Stiller/0.jpg,99.42,96.08,95.67,94.08,93.67,88.95,83.57,90.68,96.25,97.06,96.94,96.31
Ali Landry,31a28a5620650392bf77fc12e2e7c54d,Test/Ali Landry/8.jpg,98.39,98.08,0.0,93.38,90.83,91.74,93.06,88.92,88.64,95.13,81.92,85.86
Ali Landry,f615fca131a4f3389b122083ab888c89,Test/Ali Landry/9.jpg,97.69,81.77,0.0,79.91,76.23,90.12,0.0,0.0,0.0,76.74,0.0,0.0
Ali Landry,5f606345d18b31c4f83f91e6a7a5f58a,Test/Ali Landry/14.jpg,91.10,87.42,0.0,0.0,0.0,80.17,78.53,0.0,0.0,85.49,0.0,90.08
Ali Landry,d0cb347309f1130f0bb19af6f1557fb2,Test/Ali Landry/28.jpg,98.75,0.0,88.65,0.0,0.0,0.0,85.56,0.0,0.0,0.0,90.23,76.62
Ali Landry,d6713e8faf9de5741065ac5852aa9cd8,Test/Ali Landry/15.jpg,95.54,0.0,82.00,0.0,76.81,91.81,90.38,0.0,79.47,77.84,91.86,76.76
Ali Landry,e85e8572379737c784a1956e9fbc9b5f,Test/Ali Landry/12.jpg,92.52,0.0,0.0,0.0,0.0,0.0,0.0,0.0,0.0,0.0,0.0,0.0
Ali Landry,28dc39161bad20d4e70cb1bb178fd423,Test/Ali Landry/13.jpg,99.17,79.29,83.06,88.41,0.0,90.75,85.61,90.14,90.31,80.79,91.75,0.0
Ali Landry,06c6a98e4350ed18bed61c2a55e7361b,Test/Ali Landry/11.jpg,99.49,78.82,80.67,94.14,84.72,88.20,0.0,0.0,83.01,89.29,91.44,0.0
Ali Landry,46deb369c86b20489a010fa9626b0979,Test/Ali Landry/10.jpg,98.59,0.0,0.0,0.0,0.0,0.0,0.0,0.0,0.0,0.0,0.0,0.0
Ali Landry,ec431b19691d17aef3a06840c32842be,Test/Ali Landry/21.jpg,96.86,83.92,80.97,0.0,0.0,0.0,0.0,87.86,0.0,0.0,0.0,0.0
Ali Landry,76d16dd006a305757a2a39f9307733c7,Test/Ali Landry/20.jpg,98.51,0.0,0.0,0.0,0.0,85.12,0.0,0.0,0.0,0.0,0.0,0.0
Ali Landry,1188855ca7ec56b38f2e9a3f5863201f,Test/Ali Landry/22.jpg,91.53,0.0,0.0,0.0,0.0,0.0,0.0,0.0,0.0,0.0,0.0,0.0
Ali Landry,0d0882d6714facf73b03f51a0d864b18,Test/Ali Landry/23.jpg,98.94,0.0,0.0,0.0,0.0,0.0,0.0,0.0,0.0,0.0,0.0,0.0
Ali Landry,417d7db6183bf38c6f45c4d77db45b29,Test/Ali Landry/27.jpg,97.19,0.0,76.45,0.0,0.0,0.0,0.0,0.0,0.0,83.14,0.0,0.0
Ali Landry,d87d3ed65eab3439ddd749a2ec8d17ba,Test/Ali Landry/26.jpg,97.60,75.53,0.0,0.0,0.0,0.0,0.0,0.0,0.0,0.0,0.0,0.0
Ali Landry,a8586d3ce563297ed0c32c0f7f164628,Test/Ali Landry/18.jpg,97.68,77.83,0.0,0.0,0.0,0.0,0.0,82.25,0.0,0.0,0.0,79.66
Ali Landry,a500f46f274f81f498feb9e48d6b3658,Test/Ali Landry/24.jpg,88.79,0.0,0.0,0.0,0.0,0.0,0.0,0.0,0.0,0.0,0.0,77.36
Ali Landry,2014c3743ebcdcfb14478b036952306e,Test/Ali Landry/25.jpg,98.23,0.0,0.0,0.0,0.0,88.31,80.23,0.0,76.47,0.0,82.61,0.0
Ali Landry,4510f5b040d8a3f38d7087078f9ba023,Test/Ali Landry/19.jpg,88.80,77.05,83.10,0.0,0.0,0.0,0.0,81.02,0.0,0.0,77.24,0.0
Ali Landry,88790da6d61e48f881606224a56b8a8a,Test/Ali Landry/4.jpg,98.45,83.72,80.06,0.0,0.0,80.31,0.0,77.20,0.0,0.0,0.0,0.0
Ali Landry,17e8f8620a6a82ab22c35865b8fd4109,Test/Ali Landry/5.jpg,99.32,0.0,0.0,0.0,0.0,0.0,0.0,0.0,0.0,85.24,0.0,0.0
Ali Landry,610275bd94ed995b485495b84af7356d,Test/Ali Landry/7.jpg,98.32,93.33,0.0,0.0,0.0,0.0,0.0,0.0,0.0,0.0,0.0,0.0
Ali Landry,6305f3d3cfd770b29dcd6a387e038db5,Test/Ali Landry/6.jpg,98.48,0.0,0.0,0.0,0.0,0.0,0.0,0.0,0.0,0.0,0.0,0.0
Ali Landry,a784859cb7bc7b4f2796903d792ae2d1,Test/Ali Landry/1.jpg,96.59,0.0,0.0,0.0,0.0,0.0,0.0,0.0,0.0,0.0,0.0,0.0
Ali Landry,8d233984926cc71d93f91b33c6326ce6,Test/Ali Landry/0.jpg,96.47,0.0,0.0,0.0,0.0,0.0,80.87,85.21,87.32,0.0,0.0,0.0
Anderson Cooper,6f5a91437fa8011970d152765f83c777,Test/Anderson Cooper/63.jpg,98.94,0.0,0.0,0.0,0.0,0.0,0.0,0.0,0.0,0.0,0.0,0.0
Anderson Cooper,146c065ae46b4b6816a31dbe18a1e684,Test/Anderson Cooper/62.jpg,99.92,99.71,99.61,99.09,99.46,99.20,99.01,99.33,98.91,95.23,97.70,98.65
Anderson Cooper,b738716e0e0fbd593398c08a45ecddd9,Test/Anderson Cooper/74.jpg,99.81,84.41,97.97,76.30,96.95,0.0,0.0,96.34,91.65,0.0,0.0,0.0
Anderson Cooper,4a0f03134c0e70806c2e970099c5d9f9,Test/Anderson Cooper/60.jpg,99.95,94.84,96.89,93.24,94.33,97.97,94.62,82.79,86.17,95.19,91.79,97.93
Anderson Cooper,9950b6aa29510d176ccf7bec0d95054e,Test/Anderson Cooper/48.jpg,99.88,98.71,98.36,85.10,94.70,97.91,93.68,97.71,88.79,97.96,98.25,90.91
Anderson Cooper,e08005bb89a6c30cb4fd25ac3dd25d5f,Test/Anderson Cooper/49.jpg,99.72,90.82,97.89,95.84,87.69,95.30,87.15,0.0,91.45,80.55,0.0,93.97
Anderson Cooper,554fe5023df0137812a03b3b38669707,Test/Anderson Cooper/61.jpg,99.91,98.70,99.27,99.36,98.42,98.59,97.24,97.92,97.47,99.37,98.90,99.26
Anderson Cooper,d18733f9bc8855aefef751e8193a7f34,Test/Anderson Cooper/75.jpg,99.93,99.89,99.83,99.80,99.89,99.80,99.73,99.72,99.75,99.72,99.70,99.86
Anderson Cooper,a1b7a27e2050e81b6be24d97059b35f9,Test/Anderson Cooper/59.jpg,99.60,98.83,97.43,98.51,99.49,97.33,99.45,96.63,99.29,99.45,99.43,97.57
Anderson Cooper,610e62990a6cd573add1b868c9dc204e,Test/Anderson Cooper/71.jpg,99.88,99.22,99.02,96.90,96.83,98.98,99.60,99.42,98.42,98.91,98.84,99.59
Anderson Cooper,d13e54f97c3be16e5305ec390416989f,Test/Anderson Cooper/65.jpg,99.76,87.29,90.25,81.61,83.38,0.0,80.75,85.47,0.0,0.0,95.45,92.43
Anderson Cooper,45ad1d3b4c50939d0b2e50e4398ec1ac,Test/Anderson Cooper/64.jpg,99.89,99.53,99.75,99.30,97.39,99.04,99.62,0.0,99.58,95.53,99.00,99.19
Anderson Cooper,c6740f4f3bcd6281acd42451bfef0d26,Test/Anderson Cooper/70.jpg,99.73,89.63,90.00,90.77,98.08,93.09,97.20,75.37,83.59,82.23,0.0,98.89
Anderson Cooper,254f2e292c90572f8d005cb9cb3744c5,Test/Anderson Cooper/58.jpg,99.79,98.38,98.66,98.81,99.59,97.81,98.92,97.71,98.89,98.73,99.23,99.17
Anderson Cooper,469c435bf03b99f127dd683d1ebafe1f,Test/Anderson Cooper/8.jpg,99.92,98.07,98.91,0.0,96.57,99.75,99.12,96.76,96.63,96.79,98.23,97.74
Anderson Cooper,bc29b002054614020e9efe7c24fd5b7a,Test/Anderson Cooper/66.jpg,94.29,0.0,0.0,77.45,0.0,0.0,0.0,0.0,0.0,0.0,0.0,0.0
Anderson Cooper,0d669475b4227ffb90470b4b66e1841a,Test/Anderson Cooper/72.jpg,99.24,91.14,0.0,0.0,89.99,87.77,85.33,0.0,0.0,93.18,0.0,77.49
Anderson Cooper,9b69160311fb1e9f1a473867df02f7b7,Test/Anderson Cooper/73.jpg,99.83,80.59,95.37,0.0,89.09,94.97,94.62,94.70,77.79,0.0,89.55,0.0
Anderson Cooper,6d4ba54afef27009ca7b526bd3c5345c,Test/Anderson Cooper/67.jpg,99.78,89.73,97.88,99.03,98.94,99.26,99.37,97.32,98.59,93.70,98.49,92.41
Anderson Cooper,dabc7995555c44008b857377b955c0d6,Test/Anderson Cooper/9.jpg,99.93,81.04,98.13,96.85,0.0,89.59,0.0,0.0,85.82,0.0,0.0,96.92
Anderson Cooper,cc0dc1c061646e21e06e5f5ddc5c2f65,Test/Anderson Cooper/14.jpg,99.64,0.0,85.30,89.83,0.0,0.0,0.0,0.0,0.0,0.0,84.37,0.0
Anderson Cooper,62178fe287a70c85bd20ee08c1cb35eb,Test/Anderson Cooper/28.jpg,99.94,84.04,98.79,0.0,99.09,0.0,91.97,91.64,0.0,0.0,88.56,0.0
Anderson Cooper,d13d353a313a221c7881015be4f5edc7,Test/Anderson Cooper/29.jpg,99.04,0.0,0.0,0.0,0.0,0.0,0.0,0.0,0.0,0.0,0.0,0.0
Anderson Cooper,43584cb28c42fc116b241b95930caf72,Test/Anderson Cooper/15.jpg,99.83,97.69,97.40,97.82,96.62,99.06,98.26,98.35,97.73,97.96,0.0,0.0
Anderson Cooper,f33c3918ae3125171a77063556ec8690,Test/Anderson Cooper/17.jpg,99.58,95.92,84.71,77.81,95.85,77.24,92.01,86.87,97.27,81.16,79.62,0.0
Anderson Cooper,a68e2c0174e7cc5e9e5314435e175421,Test/Anderson Cooper/16.jpg,99.87,79.86,96.57,95.09,0.0,87.66,84.52,92.49,0.0,91.34,89.21,0.0
Anderson Cooper,34fa348f834be0cdf1f616c45f70f1fd,Test/Anderson Cooper/12.jpg,98.64,88.70,76.41,0.0,0.0,0.0,0.0,0.0,81.14,0.0,0.0,0.0
Anderson Cooper,abe2dffbbfcc0f58879826818fee7fde,Test/Anderson Cooper/13.jpg,99.76,94.35,75.95,80.27,88.36,93.10,89.69,93.27,77.71,94.10,76.57,96.19
Anderson Cooper,ae0c47c7435643f0821f956d394429e8,Test/Anderson Cooper/39.jpg,99.90,91.73,96.18,99.18,97.31,99.45,99.25,99.52,99.21,99.49,99.53,98.43
Anderson Cooper,62caf5484b3c3ae1de6471b9ac510ba4,Test/Anderson Cooper/11.jpg,99.58,78.39,84.46,0.0,0.0,76.53,0.0,0.0,0.0,0.0,88.62,0.0
Anderson Cooper,a350ad1cd70674282ae93ebbe9eb83a5,Test/Anderson Cooper/10.jpg,94.18,0.0,0.0,0.0,0.0,0.0,0.0,0.0,0.0,0.0,0.0,0.0
Anderson Cooper,a29ea7f888443833e6600a33d764310b,Test/Anderson Cooper/38.jpg,99.80,99.49,99.54,99.58,99.05,99.17,99.09,99.58,99.62,99.14,98.00,97.63
Anderson Cooper,1d3e2b5c7e4cdd511b347d0ed0ad2ad4,Test/Anderson Cooper/21.jpg,99.79,94.79,75.48,97.55,87.91,0.0,0.0,0.0,0.0,0.0,0.0,0.0
Anderson Cooper,ae280c70d3010fff6fdee98ed7a01839,Test/Anderson Cooper/35.jpg,99.66,0.0,0.0,0.0,0.0,0.0,0.0,0.0,0.0,0.0,0.0,0.0
Anderson Cooper,1fefff5caa0825293cff15dded8d5a41,Test/Anderson Cooper/34.jpg,99.87,81.18,0.0,0.0,0.0,77.31,82.41,0.0,0.0,0.0,0.0,0.0
Anderson Cooper,280c5c2a1525e8a2bedb4285d383b7cb,Test/Anderson Cooper/20.jpg,98.99,0.0,0.0,0.0,0.0,0.0,0.0,0.0,0.0,0.0,0.0,0.0
Anderson Cooper,3c945703c4ff38628a72ddc3bd4a5998,Test/Anderson Cooper/36.jpg,99.80,0.0,0.0,0.0,0.0,0.0,0.0,0.0,0.0,0.0,0.0,0.0
Anderson Cooper,001f4365efc197fd78b476a7066d4989,Test/Anderson Cooper/22.jpg,99.96,99.20,99.64,99.57,98.54,97.67,99.41,97.99,99.32,99.24,99.55,97.55
Anderson Cooper,25d90cfcebce85e220f512ca31210ee1,Test/Anderson Cooper/23.jpg,99.54,98.32,98.29,92.17,96.80,98.77,97.20,96.50,99.12,95.65,96.61,97.12
Anderson Cooper,60a96a04e36ef2eb59fc40edec36e613,Test/Anderson Cooper/37.jpg,99.90,0.0,0.0,0.0,90.73,0.0,0.0,86.82,0.0,0.0,0.0,0.0
Anderson Cooper,e353fda7c0e917204282f6e69a4b4ad1,Test/Anderson Cooper/33.jpg,99.86,0.0,0.0,0.0,0.0,0.0,0.0,77.44,0.0,0.0,0.0,0.0
Anderson Cooper,4491e5e550b10b4a16d091b65bcdd45b,Test/Anderson Cooper/27.jpg,99.58,76.40,94.27,91.41,98.21,0.0,80.63,95.11,98.68,88.46,77.51,97.93
Anderson Cooper,8c262a2a6972fc91bb86bb39749f052a,Test/Anderson Cooper/26.jpg,99.83,94.52,98.51,96.23,0.0,0.0,90.88,97.06,92.24,0.0,81.11,0.0
Anderson Cooper,c90cff73606018d058ea3db2fe26f157,Test/Anderson Cooper/32.jpg,98.80,0.0,96.05,0.0,0.0,0.0,0.0,0.0,83.19,0.0,0.0,0.0
Anderson Cooper,f264f5ef3979d70530fd430392a02a93,Test/Anderson Cooper/18.jpg,99.95,0.0,0.0,0.0,0.0,0.0,0.0,0.0,0.0,0.0,0.0,0.0
Anderson Cooper,00b7f5677eea6a1542c869f7a8be594b,Test/Anderson Cooper/24.jpg,99.97,95.18,96.73,99.17,93.07,95.00,99.03,84.79,98.28,89.30,96.00,97.98
Anderson Cooper,ef3eae9e9bde6e89c44ed043b211c46d,Test/Anderson Cooper/30.jpg,99.91,99.73,99.55,99.37,99.53,99.66,99.56,98.33,99.51,99.07,99.58,99.62
Anderson Cooper,18ee58c0142ed6bd621d11c4e738d4b1,Test/Anderson Cooper/31.jpg,99.96,96.17,90.64,0.0,0.0,0.0,0.0,0.0,0.0,0.0,0.0,0.0
Anderson Cooper,1afb1df15f4204ae8e67fc8e3ccc870a,Test/Anderson Cooper/25.jpg,99.85,95.32,97.90,96.69,93.73,97.41,0.0,97.29,96.69,0.0,0.0,0.0
Anderson Cooper,378c1397cc02604d72393bc1fe2c8404,Test/Anderson Cooper/19.jpg,98.93,0.0,0.0,0.0,0.0,0.0,0.0,0.0,0.0,0.0,0.0,0.0
Anderson Cooper,38eb671e43fd351e9a4a2e86a91b0654,Test/Anderson Cooper/4.jpg,99.83,99.23,99.29,95.15,98.03,99.16,98.50,95.68,98.23,91.75,98.62,98.53
Anderson Cooper,1afddf74c448c866bae9669744ca96f0,Test/Anderson Cooper/56.jpg,99.89,99.38,99.56,99.26,98.01,99.56,99.48,98.66,97.70,99.76,95.52,99.67
Anderson Cooper,5aaf09be098fc6f6d9832651184275a6,Test/Anderson Cooper/81.jpg,99.93,92.81,96.47,0.0,88.97,0.0,0.0,0.0,0.0,96.97,0.0,0.0
Anderson Cooper,50bf4fb0486f8a4f1345cc76b962c7ce,Test/Anderson Cooper/80.jpg,99.88,95.57,91.77,97.03,97.45,88.99,98.44,96.59,0.0,94.24,0.0,0.0
Anderson Cooper,bff81509d8ab549eeffc2c6ca03ba520,Test/Anderson Cooper/5.jpg,98.45,0.0,0.0,0.0,0.0,0.0,0.0,0.0,0.0,0.0,0.0,0.0
Anderson Cooper,8545b989b5bcd845aaf60cea5f6d948c,Test/Anderson Cooper/57.jpg,99.85,83.53,91.51,0.0,0.0,0.0,0.0,0.0,0.0,0.0,0.0,0.0
Anderson Cooper,23b7d80f20555e71cb43b098a312d14b,Test/Anderson Cooper/43.jpg,99.64,86.46,92.65,87.64,85.52,89.77,76.78,0.0,98.35,0.0,85.33,95.80
Anderson Cooper,4c5f8025746e11eb2cba445dc603a77e,Test/Anderson Cooper/55.jpg,99.84,0.0,0.0,0.0,0.0,0.0,0.0,0.0,0.0,0.0,0.0,0.0
Anderson Cooper,f6eabf0f8ef28530f6c4f52c3b42e239,Test/Anderson Cooper/7.jpg,99.79,96.43,97.82,93.76,91.40,99.03,99.65,97.15,99.36,99.01,97.68,99.43
Anderson Cooper,968f06b4d2e05e70a741aa3ca246e6cd,Test/Anderson Cooper/69.jpg,99.90,0.0,0.0,0.0,0.0,0.0,0.0,0.0,93.06,0.0,0.0,0.0
Anderson Cooper,cd647eb7f7d5b3f6ae73107a7a6cb262,Test/Anderson Cooper/82.jpg,92.56,0.0,0.0,0.0,0.0,0.0,0.0,0.0,0.0,0.0,0.0,0.0
Anderson Cooper,451623cfe4467bd26ccae93c570bc3d2,Test/Anderson Cooper/83.jpg,99.96,95.83,82.28,0.0,0.0,0.0,83.64,0.0,0.0,93.72,0.0,0.0
Anderson Cooper,406bd4c732e2fe622273d97c0a37865e,Test/Anderson Cooper/68.jpg,99.82,98.15,99.53,99.63,85.59,95.86,99.24,98.08,97.06,98.77,77.64,99.16
Anderson Cooper,d1620c9db5bc3f0148688dc3c32e8882,Test/Anderson Cooper/54.jpg,99.69,0.0,0.0,82.68,82.82,0.0,0.0,80.64,88.33,0.0,82.71,0.0
Anderson Cooper,acfea8c0b50c03846b68c883a8c743c3,Test/Anderson Cooper/6.jpg,98.26,0.0,0.0,0.0,0.0,84.70,0.0,0.0,0.0,0.0,0.0,0.0
Anderson Cooper,bee2ef366ec27557852beb5b33533de3,Test/Anderson Cooper/78.jpg,99.40,96.25,97.14,90.96,95.83,96.09,89.89,86.29,0.0,0.0,79.07,0.0
Anderson Cooper,b26be3cba78afda1106f73e914ec9c5f,Test/Anderson Cooper/2.jpg,99.84,92.62,99.32,92.47,96.47,98.57,91.31,95.04,92.38,0.0,97.00,93.46
Anderson Cooper,a0bd6b7a77832cd0dfc6ee6fe34b12c8,Test/Anderson Cooper/50.jpg,99.29,98.59,98.48,95.41,95.42,99.05,99.59,98.93,94.61,99.19,98.39,98.94
Anderson Cooper,73f8b0771669f9f168f89a4fb33caa36,Test/Anderson Cooper/44.jpg,99.88,99.82,99.06,99.60,98.89,99.55,99.36,97.51,97.57,99.74,98.39,97.99
Anderson Cooper,d6361aa23f2858ebad2d5103370d1d4f,Test/Anderson Cooper/45.jpg,99.75,76.55,78.63,0.0,0.0,92.01,80.68,0.0,0.0,89.05,92.82,91.37
Anderson Cooper,a7d4eb644e2bc7cb412dfaf0adb4551d,Test/Anderson Cooper/3.jpg,99.60,0.0,0.0,82.37,0.0,0.0,0.0,75.04,0.0,0.0,0.0,0.0
Anderson Cooper,38866d77a4b77be1fa4261b51a3b75a4,Test/Anderson Cooper/51.jpg,99.85,95.94,96.37,0.0,97.78,89.63,85.30,82.28,93.65,90.82,97.21,83.49
Anderson Cooper,228c6ca3470df7f6dbb004e1e7130daa,Test/Anderson Cooper/79.jpg,98.86,85.73,80.18,0.0,0.0,0.0,87.46,0.0,0.0,77.65,79.71,86.80
Anderson Cooper,068737f96b95c2e5f46415c8b4bf3718,Test/Anderson Cooper/47.jpg,99.94,99.25,96.71,99.48,98.83,96.05,97.67,99.11,98.87,95.14,97.12,97.68
Anderson Cooper,8aba4de1830af12af9b2f277a770a7df,Test/Anderson Cooper/1.jpg,99.64,95.02,0.0,0.0,93.13,80.95,0.0,0.0,0.0,0.0,0.0,0.0
Anderson Cooper,e020fed1c88329e72633415d49c2e0d9,Test/Anderson Cooper/52.jpg,99.93,99.34,99.49,98.97,99.80,98.02,95.17,97.69,99.57,98.62,99.23,96.91
Anderson Cooper,d9db4e779bed30e5f259e6d29f8f32ce,Test/Anderson Cooper/0.jpg,98.00,0.0,0.0,0.0,0.0,0.0,0.0,0.0,0.0,0.0,0.0,0.0
Anderson Cooper,26951b896ef7498e3b6a11f5bb73386c,Test/Anderson Cooper/46.jpg,99.37,88.69,87.94,91.39,93.67,91.69,88.66,82.48,0.0,90.30,96.05,95.23
Audrey Tautou,9aa8fca85bebb85fe274d9de07a47a48,Test/Audrey Tautou/48.jpg,99.86,0.0,0.0,0.0,0.0,0.0,0.0,0.0,0.0,0.0,0.0,0.0
Audrey Tautou,914514c2a5e5da07557dbe8db8850e44,Test/Audrey Tautou/8.jpg,99.98,99.55,96.41,79.48,91.83,97.65,94.95,94.12,90.80,90.34,86.11,84.72
Audrey Tautou,322100fbec6fea7766846b88b8249f75,Test/Audrey Tautou/9.jpg,99.96,99.17,99.33,96.66,98.80,99.58,99.34,94.76,99.01,98.54,97.33,98.31
Audrey Tautou,0294f820c4a2b760fa27e212a280701e,Test/Audrey Tautou/14.jpg,99.93,91.55,99.26,98.20,99.35,98.88,93.13,93.07,98.81,98.40,95.36,99.78
Audrey Tautou,417694ae96711a392a636a1106288e1d,Test/Audrey Tautou/28.jpg,99.73,0.0,0.0,0.0,0.0,77.75,0.0,0.0,0.0,0.0,0.0,0.0
Audrey Tautou,e04c4849bdb2e5b958bd4c61918d7e24,Test/Audrey Tautou/29.jpg,99.92,77.18,0.0,89.85,0.0,0.0,0.0,0.0,0.0,0.0,0.0,0.0
Audrey Tautou,a4b4afbf1a41efd6aca4cb9d80aa9e72,Test/Audrey Tautou/15.jpg,99.42,0.0,89.96,94.04,89.87,90.63,0.0,85.08,0.0,78.37,99.35,98.57
Audrey Tautou,c1fc594cf53c17142fe6486d240fc26e,Test/Audrey Tautou/17.jpg,99.91,99.01,97.72,94.88,98.69,96.70,84.69,93.06,96.59,97.91,96.34,93.89
Audrey Tautou,bbd0ad3c3b012c2f7d638166ace0a4a9,Test/Audrey Tautou/16.jpg,99.89,94.33,82.14,99.59,99.26,83.08,97.13,89.89,82.35,97.97,91.73,89.06
Audrey Tautou,0803a4bafe2298eb5418926442b83574,Test/Audrey Tautou/39.jpg,99.83,99.95,96.99,99.86,99.84,98.41,96.72,98.37,99.67,99.67,97.99,99.69
Audrey Tautou,96c319a688f59f15fcdc39f2b9e9f734,Test/Audrey Tautou/10.jpg,99.87,88.92,0.0,0.0,92.02,0.0,86.73,77.91,84.08,97.70,80.19,93.12
Audrey Tautou,fba0d67ebc0833f40e942e468f411765,Test/Audrey Tautou/38.jpg,99.53,0.0,0.0,94.34,80.90,88.15,97.56,0.0,94.53,96.56,75.29,0.0
Audrey Tautou,c697eeab12b3077daa525be414446b18,Test/Audrey Tautou/21.jpg,99.90,99.74,88.14,95.57,99.18,94.74,99.66,99.02,99.55,97.70,99.07,98.12
Audrey Tautou,5f1cb15c20143d408df654052cbd1cdd,Test/Audrey Tautou/35.jpg,99.82,85.31,79.62,0.0,0.0,76.65,0.0,0.0,0.0,0.0,78.76,0.0
Audrey Tautou,f757bbba5bff12e3e82b65acd77f82be,Test/Audrey Tautou/34.jpg,99.91,98.41,94.40,98.45,90.81,90.32,86.85,98.40,97.02,95.07,93.84,99.02
Audrey Tautou,fbf868691ac5f1911802d566d088dbd8,Test/Audrey Tautou/20.jpg,99.81,95.47,99.19,98.56,85.50,99.29,97.26,90.80,93.06,89.53,84.48,0.0
Audrey Tautou,eb3cb58c5d0ac2b90b1af180688b33e9,Test/Audrey Tautou/36.jpg,99.76,0.0,85.51,0.0,0.0,0.0,0.0,0.0,0.0,0.0,76.89,0.0
Audrey Tautou,08347fdfcd4263413cfa061296eea876,Test/Audrey Tautou/22.jpg,98.22,0.0,0.0,0.0,0.0,0.0,0.0,0.0,0.0,0.0,0.0,0.0
Audrey Tautou,4ccd231a9e0c3514807ba47331634545,Test/Audrey Tautou/23.jpg,99.85,86.23,88.09,85.11,80.14,84.94,76.86,0.0,0.0,91.28,80.93,83.04
Audrey Tautou,c260fde240ca04c8a5919d2a24583984,Test/Audrey Tautou/37.jpg,99.38,78.30,88.94,96.48,0.0,82.65,96.57,82.98,88.47,93.64,0.0,93.43
Audrey Tautou,6b74990637c65098cef923a8b62a7e44,Test/Audrey Tautou/33.jpg,99.80,0.0,83.71,77.00,76.46,81.79,0.0,92.58,76.50,93.38,88.32,88.65
Audrey Tautou,af44cc4a71425d2f2bb015ee607eedde,Test/Audrey Tautou/27.jpg,99.86,97.09,91.71,79.94,90.22,80.23,86.25,85.80,0.0,84.15,0.0,91.14
Audrey Tautou,92a6afa328e5edde5b3872b96f29a5ff,Test/Audrey Tautou/26.jpg,99.73,0.0,0.0,97.85,0.0,0.0,89.13,94.82,82.69,0.0,0.0,84.69
Audrey Tautou,a0388427e9102996b213ddff251b3b40,Test/Audrey Tautou/18.jpg,99.78,0.0,78.85,0.0,0.0,0.0,0.0,0.0,0.0,0.0,0.0,0.0
Audrey Tautou,fa6eec16f008e9094f23f4e001b06667,Test/Audrey Tautou/24.jpg,99.91,99.39,99.73,99.50,99.88,99.28,98.89,99.89,93.33,97.07,95.34,99.92
Audrey Tautou,81eacf9ca37cba456f11a9de8d633221,Test/Audrey Tautou/30.jpg,99.70,93.42,90.50,94.70,98.76,97.68,90.09,98.22,0.0,96.13,91.40,89.28
Audrey Tautou,f99eebaecf1a5f77934426dcbc540c43,Test/Audrey Tautou/31.jpg,99.67,95.71,97.36,88.14,88.04,97.58,90.87,76.39,94.99,0.0,87.36,92.49
Audrey Tautou,0d34d7dd3c799a63cc87b0bfcd08cc2f,Test/Audrey Tautou/25.jpg,99.98,97.94,99.38,97.60,98.71,99.44,98.51,89.31,98.27,94.94,96.24,97.29
Audrey Tautou,98521f57546e54f16c8535ee5b097c8c,Test/Audrey Tautou/19.jpg,98.59,0.0,0.0,0.0,0.0,0.0,0.0,0.0,0.0,0.0,0.0,0.0
Audrey Tautou,d30e056be116351c4be154b66c7e6193,Test/Audrey Tautou/42.jpg,99.51,93.58,0.0,75.15,0.0,0.0,0.0,0.0,91.30,81.93,0.0,75.28
Audrey Tautou,d36f09ea0c1df1a5e3635a723f6687b4,Test/Audrey Tautou/4.jpg,99.85,93.71,82.29,93.91,0.0,0.0,0.0,89.69,0.0,0.0,0.0,0.0
Audrey Tautou,c48129eed73895b51a1cf34b2d8bbe98,Test/Audrey Tautou/5.jpg,99.82,0.0,99.00,92.28,0.0,98.33,0.0,93.21,87.66,0.0,75.67,83.80
Audrey Tautou,ccdf71fddb8633f8ef66fc3e37ad4e7f,Test/Audrey Tautou/43.jpg,99.45,84.11,0.0,0.0,0.0,92.23,0.0,87.82,94.34,0.0,0.0,75.23
Audrey Tautou,9a08c5328c3efbb276d3b104aa88a39b,Test/Audrey Tautou/7.jpg,99.92,92.95,96.55,90.44,96.62,93.51,93.40,81.38,79.79,88.31,98.95,75.07
Audrey Tautou,b32b17bab04191057757c0c246fb0240,Test/Audrey Tautou/41.jpg,99.83,92.13,98.24,97.32,98.88,86.10,98.98,96.92,92.03,92.88,94.02,90.08
Audrey Tautou,61c956a8009214cead12a4af0ae7ba43,Test/Audrey Tautou/40.jpg,99.70,87.70,0.0,0.0,89.62,87.91,0.0,0.0,94.17,0.0,0.0,0.0
Audrey Tautou,e26173462e73162952fe829171213578,Test/Audrey Tautou/6.jpg,99.75,0.0,76.16,82.59,82.70,85.43,0.0,92.08,88.25,95.70,76.94,77.02
Audrey Tautou,c75847fff9cd45b693457588cc0ffb13,Test/Audrey Tautou/2.jpg,99.16,0.0,0.0,0.0,0.0,0.0,0.0,81.89,0.0,0.0,0.0,0.0
Audrey Tautou,e75217c227654bdc23de9fc1ecfa8e38,Test/Audrey Tautou/50.jpg,99.82,98.61,93.74,98.59,99.68,97.86,97.27,89.67,92.12,99.65,94.11,91.88
Audrey Tautou,6b69dabdd8a396f336f53c9fa9549a90,Test/Audrey Tautou/44.jpg,82.25,0.0,0.0,0.0,0.0,0.0,0.0,0.0,0.0,0.0,0.0,0.0
Audrey Tautou,9bc3f72d2828d161478c5ad369251b93,Test/Audrey Tautou/45.jpg,99.65,88.13,83.46,96.30,87.87,0.0,0.0,92.94,0.0,0.0,90.25,78.60
Audrey Tautou,bed0ec1b155355426cf92fba299860d5,Test/Audrey Tautou/3.jpg,99.84,77.63,83.02,95.64,83.14,0.0,0.0,77.18,0.0,81.99,0.0,0.0
Audrey Tautou,dfb3c545b4d9671fdadec6d111567d8e,Test/Audrey Tautou/47.jpg,99.83,85.63,76.50,86.60,80.20,0.0,83.15,77.16,90.99,0.0,0.0,0.0
Audrey Tautou,b13cfdb8a22a8bb7092973a78d10f460,Test/Audrey Tautou/1.jpg,90.77,0.0,0.0,76.52,0.0,0.0,0.0,0.0,0.0,0.0,0.0,0.0
Audrey Tautou,9e31899ea7d537319a9fbb2aec873d92,Test/Audrey Tautou/0.jpg,99.92,91.49,79.22,92.11,75.95,98.61,0.0,91.25,0.0,0.0,0.0,0.0
Audrey Tautou,504d4f3edd6ecec6aa5d316089199997,Test/Audrey Tautou/46.jpg,99.92,99.83,99.51,93.81,98.62,99.77,98.87,99.67,0.0,97.94,99.42,96.89
Alex Rodriguez,3ff8ae8caab8c7944a969c27b8a133d3,Test/Alex Rodriguez/8.jpg,93.01,83.11,0.0,0.0,79.67,0.0,0.0,0.0,0.0,0.0,0.0,0.0
Alex Rodriguez,5ba7814e47eb01341760512a0f611542,Test/Alex Rodriguez/9.jpg,0.0,0.0,0.0,0.0,0.0,0.0,0.0,0.0,0.0,0.0,0.0,0.0
Alex Rodriguez,9008a1d6452a9f57db5157d5cea7a5f5,Test/Alex Rodriguez/14.jpg,91.34,0.0,0.0,0.0,0.0,0.0,0.0,0.0,0.0,0.0,0.0,0.0
Alex Rodriguez,9c875c3b267c2b9b2b48671c5a15ea8a,Test/Alex Rodriguez/28.jpg,88.74,0.0,0.0,0.0,0.0,0.0,0.0,0.0,0.0,0.0,0.0,0.0
Alex Rodriguez,79f391783c3d108367123a0ad435e113,Test/Alex Rodriguez/29.jpg,84.90,0.0,0.0,75.10,0.0,0.0,81.64,76.57,0.0,0.0,0.0,85.50
Alex Rodriguez,c374e67ce26a470fee47f853f06be3a2,Test/Alex Rodriguez/15.jpg,99.00,75.98,0.0,0.0,0.0,0.0,0.0,0.0,0.0,0.0,0.0,0.0
Alex Rodriguez,1aec34266cf7b98d740e977a34d12a87,Test/Alex Rodriguez/17.jpg,89.68,0.0,0.0,0.0,0.0,0.0,0.0,0.0,0.0,0.0,0.0,0.0
Alex Rodriguez,074ea4ee3af7af7a6a9b4de1d8174beb,Test/Alex Rodriguez/16.jpg,84.18,0.0,0.0,0.0,0.0,0.0,0.0,0.0,0.0,77.47,0.0,0.0
Alex Rodriguez,6dd42ad3d730b1f22d5f1babf257d6e7,Test/Alex Rodriguez/12.jpg,95.90,0.0,0.0,0.0,0.0,80.21,0.0,0.0,0.0,0.0,79.50,0.0
Alex Rodriguez,b84a563ab23e246f4fd08d75d31ba914,Test/Alex Rodriguez/13.jpg,0.0,0.0,78.00,0.0,0.0,0.0,0.0,0.0,0.0,0.0,0.0,0.0
Alex Rodriguez,3f17f6b9ba2621ba0380a52d3018f03f,Test/Alex Rodriguez/39.jpg,0.0,0.0,0.0,0.0,0.0,0.0,0.0,0.0,0.0,0.0,0.0,0.0
Alex Rodriguez,8f73d49914cffa3a6eeecb69ff1ba07a,Test/Alex Rodriguez/11.jpg,87.45,0.0,0.0,0.0,0.0,0.0,0.0,0.0,0.0,0.0,0.0,0.0
Alex Rodriguez,8dc7ada3beca3611c15d601125a619f1,Test/Alex Rodriguez/38.jpg,88.93,0.0,0.0,0.0,0.0,0.0,0.0,0.0,0.0,0.0,0.0,0.0
Alex Rodriguez,a86cf8589d1e46e997c2057e5a2202ab,Test/Alex Rodriguez/21.jpg,0.0,0.0,0.0,0.0,77.08,0.0,77.78,0.0,0.0,0.0,0.0,0.0
Alex Rodriguez,be7d896216ed154ffb76543b975ca3ed,Test/Alex Rodriguez/35.jpg,89.46,94.51,82.12,0.0,0.0,75.13,0.0,0.0,0.0,0.0,75.28,0.0
Alex Rodriguez,84c4becd1a5ae31ccc9aa37211ff7f6c,Test/Alex Rodriguez/34.jpg,0.0,0.0,0.0,81.09,78.96,0.0,0.0,0.0,0.0,0.0,0.0,0.0
Alex Rodriguez,3bd9b30565558cfbd69c69e5b434b341,Test/Alex Rodriguez/20.jpg,89.24,0.0,0.0,0.0,0.0,77.87,0.0,0.0,0.0,0.0,0.0,0.0
Alex Rodriguez,d9dd4847e183cdc431bf0fd8c098fea4,Test/Alex Rodriguez/36.jpg,92.99,0.0,0.0,0.0,0.0,0.0,0.0,75.63,0.0,0.0,0.0,0.0
Alex Rodriguez,164cff72dc440eb6b4e91cb1d1f805c5,Test/Alex Rodriguez/22.jpg,94.26,85.92,77.56,79.28,0.0,83.92,0.0,0.0,0.0,0.0,75.11,0.0
Alex Rodriguez,e5c1e12de2b1734c53677ef262642f00,Test/Alex Rodriguez/23.jpg,92.48,0.0,0.0,0.0,0.0,0.0,0.0,0.0,0.0,0.0,0.0,0.0
Alex Rodriguez,8ad71a58013d1b001ff101f3a13cb67a,Test/Alex Rodriguez/37.jpg,89.57,0.0,0.0,0.0,0.0,0.0,0.0,0.0,0.0,0.0,0.0,0.0
Alex Rodriguez,0a38260c55af5c9829be6ddb29f327b5,Test/Alex Rodriguez/33.jpg,0.0,0.0,0.0,88.54,84.44,0.0,0.0,0.0,0.0,0.0,0.0,0.0
Alex Rodriguez,5b7d305db1cd3e41cef9323c75e801c3,Test/Alex Rodriguez/27.jpg,0.0,0.0,0.0,0.0,0.0,0.0,0.0,0.0,0.0,0.0,0.0,0.0
Alex Rodriguez,ff105db4f6b7a1d3f4afb345d42cfb79,Test/Alex Rodriguez/26.jpg,84.12,0.0,0.0,0.0,0.0,0.0,0.0,0.0,0.0,0.0,0.0,0.0
Alex Rodriguez,a9298581340038d790c2e194101bc57e,Test/Alex Rodriguez/32.jpg,0.0,0.0,0.0,0.0,0.0,0.0,0.0,0.0,0.0,0.0,0.0,0.0
Alex Rodriguez,b935ac37d6a5e3cb60e711627e90be14,Test/Alex Rodriguez/18.jpg,0.0,0.0,0.0,0.0,0.0,0.0,0.0,0.0,0.0,0.0,0.0,0.0
Alex Rodriguez,bee16d846d84b748ad626763ab37544a,Test/Alex Rodriguez/24.jpg,0.0,0.0,0.0,0.0,0.0,0.0,0.0,0.0,0.0,0.0,0.0,0.0
Alex Rodriguez,f3e681be47785f1d20f23f80d36dad16,Test/Alex Rodriguez/30.jpg,0.0,0.0,0.0,0.0,0.0,0.0,0.0,0.0,0.0,0.0,0.0,0.0
Alex Rodriguez,297b367d283b8a05e4934990234f96d3,Test/Alex Rodriguez/31.jpg,0.0,0.0,0.0,0.0,0.0,0.0,0.0,0.0,0.0,0.0,0.0,0.0
Alex Rodriguez,b82ef0c7f62737072ef455e50504c3a2,Test/Alex Rodriguez/25.jpg,98.51,0.0,81.19,87.47,82.93,84.68,0.0,0.0,0.0,79.90,0.0,82.72
Alex Rodriguez,2bbc5a80b3ec8d5618590ae78daa4926,Test/Alex Rodriguez/19.jpg,86.66,0.0,0.0,0.0,0.0,0.0,0.0,0.0,0.0,0.0,0.0,0.0
Alex Rodriguez,a0a72c18a4fe2cfd76d59768a76c869f,Test/Alex Rodriguez/42.jpg,98.56,0.0,0.0,0.0,0.0,0.0,0.0,0.0,0.0,0.0,0.0,0.0
Alex Rodriguez,cc4001f4c199e5bc0ef095bb1a77bab7,Test/Alex Rodriguez/4.jpg,0.0,0.0,0.0,0.0,0.0,0.0,0.0,0.0,0.0,0.0,0.0,0.0
Alex Rodriguez,c35bbd0e43c179ffab275568411fb584,Test/Alex Rodriguez/5.jpg,0.0,0.0,0.0,77.83,0.0,0.0,0.0,0.0,0.0,0.0,80.32,0.0
Alex Rodriguez,8870313c3c172176043555895af6d8dd,Test/Alex Rodriguez/43.jpg,83.82,0.0,0.0,0.0,0.0,0.0,0.0,0.0,0.0,0.0,0.0,0.0
Alex Rodriguez,01e4dc95a0b2547ce3ba9fc6b0d78ccb,Test/Alex Rodriguez/7.jpg,0.0,0.0,0.0,0.0,0.0,0.0,0.0,0.0,0.0,0.0,0.0,0.0
Alex Rodriguez,eb5106d8af8aa3f1807b949e81cad083,Test/Alex Rodriguez/41.jpg,88.70,0.0,0.0,0.0,0.0,0.0,0.0,0.0,0.0,0.0,0.0,0.0
Alex Rodriguez,b1d0d90a5ba304285eb49940b8e48fc2,Test/Alex Rodriguez/6.jpg,88.02,0.0,0.0,0.0,0.0,0.0,0.0,0.0,0.0,0.0,0.0,0.0
Alex Rodriguez,44f29c488e866adada932bbaaa1ad504,Test/Alex Rodriguez/2.jpg,0.0,0.0,0.0,0.0,0.0,0.0,0.0,0.0,0.0,0.0,0.0,0.0
Alex Rodriguez,54f45a50d3cd4dcddffee1230cc93fba,Test/Alex Rodriguez/44.jpg,92.53,0.0,0.0,75.25,0.0,0.0,0.0,0.0,0.0,0.0,0.0,0.0
Alex Rodriguez,2f5c361e7b7a5eb2522763daf3e3c219,Test/Alex Rodriguez/45.jpg,0.0,0.0,0.0,0.0,0.0,0.0,0.0,0.0,0.0,0.0,0.0,76.23
Alex Rodriguez,a66fd9eea7700a0dc9811abbffb67cbe,Test/Alex Rodriguez/3.jpg,81.66,0.0,0.0,0.0,0.0,0.0,0.0,0.0,0.0,0.0,0.0,0.0
Alex Rodriguez,083308c3da12eef890540c85c4239ead,Test/Alex Rodriguez/1.jpg,0.0,0.0,0.0,0.0,0.0,0.0,0.0,0.0,0.0,0.0,0.0,0.0
Alex Rodriguez,2ea7837b714f6ae4d891a45664ae1583,Test/Alex Rodriguez/0.jpg,96.33,0.0,0.0,0.0,0.0,0.0,0.0,0.0,0.0,0.0,0.0,0.0
